"baralho","agente","eixo","tipo_pergunta","origem","_ordem","_fonte","_trecho","pergunta","resposta"
"Helmintologia::Ascaris lumbricoides","Ascaris lumbricoides","1. Agente","Lista","Aula","1001","ASCARIS_E_ASCARIDIASE.md § Slide 2 || ASCARIS_E_ASCARIDIASE.md § Slide 2","*Ascaris lumbricoides* - Homem || *Ascaris suum* - suínos e homem","Ascaridíase: que espécies de Ascaris a aula dá como agentes?","Ascaris lumbricoides e Ascaris suum."
"Helmintologia::Ascaris lumbricoides","Ascaris lumbricoides","1. Agente","Local","Aula","1002","ASCARIS_E_ASCARIDIASE.md § Slide 2","*Ascaris lumbricoides* - Homem","Ascaris lumbricoides: que hospedeiro a aula indica?","O homem."
"Helmintologia::Ascaris lumbricoides","Ascaris lumbricoides","1. Agente","Local","Aula","1003","ASCARIS_E_ASCARIDIASE.md § Slide 2","*Ascaris suum* - suínos e homem","Ascaris suum: que hospedeiros a aula indica?","Suínos e homem."
"Helmintologia::Ascaris lumbricoides","Ascaris lumbricoides","2. Classificação","Classificação","Aula","1004","ASCARIS_E_ASCARIDIASE.md § Slide 2","*Ascarididae*","Ascaris lumbricoides: qual é a família?","Ascarididae."
"Helmintologia::Ascaris lumbricoides","Ascaris lumbricoides","2. Classificação","Número","Aula","1005","ASCARIS_E_ASCARIDIASE.md § Slide 2","Nematódeos de grande porte (20 - 40 cm de comprimento)","Ascaris lumbricoides: qual é o comprimento?","20 a 40 cm (nematódeo de grande porte)."
"Helmintologia::Ascaris lumbricoides","Ascaris lumbricoides","3. Morfologia","Forma","Aula","1006","ASCARIS_E_ASCARIDIASE.md § Slide 6","cauda caracteristicamente recurvada ventralmente","Ascaris lumbricoides — macho: como é a cauda?","Recurvada ventralmente."
"Helmintologia::Ascaris lumbricoides","Ascaris lumbricoides","3. Morfologia","Forma","Aula","1007","ASCARIS_E_ASCARIDIASE.md § Slide 6","Possui corpo significativamente maior e cauda reta.","Ascaris lumbricoides — fêmea: como é a cauda?","Reta."
"Helmintologia::Ascaris lumbricoides","Ascaris lumbricoides","3. Morfologia","Forma","Aula","1008","ASCARIS_E_ASCARIDIASE.md § Slide 6","espículo copulatório na cauda curva","Ascaris lumbricoides — macho: que estrutura copulatória tem na cauda?","Espículos copulatórios."
"Helmintologia::Ascaris lumbricoides","Ascaris lumbricoides","3. Morfologia","Local","Aula","1009","ASCARIS_E_ASCARIDIASE.md § Slide 6","abertura genital localizada no terço anterior","Ascaris lumbricoides — fêmea: onde fica a vulva?","No terço anterior do corpo."
"Helmintologia::Ascaris lumbricoides","Ascaris lumbricoides","3. Morfologia","Forma","Aula","1010","ASCARIS_E_ASCARIDIASE.md § Slide 6","útero bifurcado","Ascaris lumbricoides — fêmea: como é o útero?","Bifurcado."
"Helmintologia::Ascaris lumbricoides","Ascaris lumbricoides","3. Morfologia","Forma","Aula","1011","ASCARIS_E_ASCARIDIASE.md § Slide 6","testículo, estrutura tubular enovelada","Ascaris lumbricoides — macho: como é o testículo?","Tubular e enovelado."
"Helmintologia::Ascaris lumbricoides","Ascaris lumbricoides","3. Morfologia","Lista","Aula","1012","ASCARIS_E_ASCARIDIASE.md § Slide 6 || ASCARIS_E_ASCARIDIASE.md § Slide 6","`sperm duct` (ducto espermático) || `intestine` (intestino tubular longitudinal)","Ascaris lumbricoides — macho: além de testículo, espículos e ânus, que estruturas o esquema mostra?","Ducto espermático e intestino."
"Helmintologia::Ascaris lumbricoides","Ascaris lumbricoides","3. Morfologia","Lista","Aula","1013","ASCARIS_E_ASCARIDIASE.md § Slide 6 || ASCARIS_E_ASCARIDIASE.md § Slide 6 || ASCARIS_E_ASCARIDIASE.md § Slide 6 || ASCARIS_E_ASCARIDIASE.md § Slide 6","`pharynx` (faringe na extremidade anterior) || `nerve ring` (anel nervoso peri-esofágico) || `excretory system` (sistema excretor) || `intestine` (intestino)","Ascaris lumbricoides — fêmea: além de útero, vulva, ovário e ânus, que estruturas o esquema mostra?","Faringe, anel nervoso, sistema excretor e intestino."
"Helmintologia::Ascaris lumbricoides","Ascaris lumbricoides","3. Morfologia","Forma","Aula","1014","ASCARIS_E_ASCARIDIASE.md § Slide 6","ovário enovelado","Ascaris lumbricoides — fêmea: como é o ovário?","Enovelado."
"Helmintologia::Ascaris lumbricoides","Ascaris lumbricoides","3. Morfologia","Local","Aula","1015","ASCARIS_E_ASCARIDIASE.md § Slide 6","ânus terminal","Ascaris lumbricoides — macho e fêmea: onde fica o ânus?","Na extremidade (terminal)."
"Helmintologia::Ascaris lumbricoides","Ascaris lumbricoides","3. Morfologia","Número","Aula","1016","ASCARIS_E_ASCARIDIASE.md § Slide 6","a boca cercada por **três lábios característicos** com papilas sensoriais","Ascaris lumbricoides — boca: quantos lábios tem?","Três."
"Helmintologia::Ascaris lumbricoides","Ascaris lumbricoides","3. Morfologia","Forma","Aula","1017","ASCARIS_E_ASCARIDIASE.md § Slide 6","a boca cercada por **três lábios característicos** com papilas sensoriais","Ascaris lumbricoides — lábios da boca: o que têm?","Papilas sensoriais."
"Helmintologia::Ascaris lumbricoides","Ascaris lumbricoides","3. Morfologia","Forma","Aula","1018","ASCARIS_E_ASCARIDIASE.md § Slide 6","Camada uterina externa, mamilonada e proteica","Ascaris lumbricoides — ovo: como é a camada externa (uterina)?","Mamilonada e proteica."
"Helmintologia::Ascaris lumbricoides","Ascaris lumbricoides","3. Morfologia","Número","Aula","1019","ASCARIS_E_ASCARIDIASE.md § Slide 6 || ASCARIS_E_ASCARIDIASE.md § Slide 6 || ASCARIS_E_ASCARIDIASE.md § Slide 6 || ASCARIS_E_ASCARIDIASE.md § Slide 6","Camada uterina externa, mamilonada e proteica || Camada vitelina || Camada quitinosa, rígida intermediária || Camada lipídica interna, que confere impermeabilidade","Ascaris lumbricoides — ovo: quantas camadas concêntricas o revestem?","Quatro."
"Helmintologia::Ascaris lumbricoides","Ascaris lumbricoides","3. Morfologia","Local","Aula","1020","ASCARIS_E_ASCARIDIASE.md § Slide 6","Célula germinativa central","Ascaris lumbricoides — ovo: o que fica no centro, envolvido pelas camadas?","A célula germinativa."
"Helmintologia::Ascaris lumbricoides","Ascaris lumbricoides","3. Morfologia","Função","Aula","1021","ASCARIS_E_ASCARIDIASE.md § Slide 6","Camada lipídica interna, que confere impermeabilidade","Ascaris lumbricoides — ovo: que camada confere impermeabilidade?","A camada lipídica (interna)."
"Helmintologia::Ascaris lumbricoides","Ascaris lumbricoides","3. Morfologia","Forma","Aula","1022","ASCARIS_E_ASCARIDIASE.md § Slide 6","Camada quitinosa, rígida intermediária","Ascaris lumbricoides — ovo: que camada é rígida?","A quitinosa."
"Helmintologia::Ascaris lumbricoides","Ascaris lumbricoides","3. Morfologia","Forma","Aula","1023","ASCARIS_E_ASCARIDIASE.md § Slide 8","casca grossa e mamilonada","Ascaris lumbricoides — ovo fértil: como é a casca?","Grossa e mamilonada."
"Helmintologia::Ascaris lumbricoides","Ascaris lumbricoides","3. Morfologia","Forma","Aula","1024","ASCARIS_E_ASCARIDIASE.md § Slide 8","Formato mais alongado e estreito, casca fina com mamilos irregulares, preenchido por grânulos amorfos.","Ascaris lumbricoides — ovo infértil: como é?","Mais alongado, de casca fina, com conteúdo granuloso e amorfo."
"Helmintologia::Ascaris lumbricoides","Ascaris lumbricoides","3. Morfologia","Definição","Aula","1025","ASCARIS_E_ASCARIDIASE.md § Slide 8","Este ovo não é infectante.","Ascaris lumbricoides — ovo infértil: é infectante?","Não."
"Helmintologia::Ascaris lumbricoides","Ascaris lumbricoides","4. Ciclo Biológico","Forma","Aula","1026","ASCARIS_E_ASCARIDIASE.md § Slide 8","contendo uma célula germinativa central não segmentada","Ascaris lumbricoides — ovo fértil eliminado nas fezes: é segmentado?","Não."
"Helmintologia::Ascaris lumbricoides","Ascaris lumbricoides","4. Ciclo Biológico","Sequência","Aula","1027","ASCARIS_E_ASCARIDIASE.md § Slide 8 || ASCARIS_E_ASCARIDIASE.md § Slide 8 || ASCARIS_E_ASCARIDIASE.md § Slide 8","o ovo fértil sofre a primeira clivagem, dividindo-se em duas células || O embrião continua a se dividir ativamente || Desenvolvimento da larva de primeiro estágio (L1), que sofre muda para segundo estágio (L2) e, finalmente, para **larva de terceiro estágio (L3)** dentro do ovo","Ascaris lumbricoides — ovo fértil no solo: por que fases passa até ficar infectante?","Divisão celular, clivagem avançada e ovo embrionado, com a larva chegando a L3."
"Helmintologia::Ascaris lumbricoides","Ascaris lumbricoides","4. Ciclo Biológico","Local","Aula","1028","ASCARIS_E_ASCARIDIASE.md § Slide 2 || ASCARIS_E_ASCARIDIASE.md § Slide 2","Parasitas de Intestino Delgado || **Duodeno e Jejuno**","Ascaris lumbricoides: qual é o habitat do adulto?","Intestino delgado (duodeno e jejuno)."
"Helmintologia::Ascaris lumbricoides","Ascaris lumbricoides","4. Ciclo Biológico","Definição","Aula","1029","ASCARIS_E_ASCARIDIASE.md § Slide 8","Ciclo endógeno: Ciclo de Loss ou hepato-traqueal","Ascaris lumbricoides: como se chama o ciclo endógeno?","Ciclo de Loss (hepato-traqueal)."
"Helmintologia::Ascaris lumbricoides","Ascaris lumbricoides","4. Ciclo Biológico","Classificação","Aula","1030","ASCARIS_E_ASCARIDIASE.md § Slide 8","ciclo de vida monoxênico do *Ascaris lumbricoides*","Ascaris lumbricoides: o ciclo é monoxeno ou heteroxeno?","Monoxeno."
"Helmintologia::Ascaris lumbricoides","Ascaris lumbricoides","4. Ciclo Biológico","Definição","Aula","1031","ASCARIS_E_ASCARIDIASE.md § Slide 8","O **ovo contendo a larva L3 é a forma infectante** para o ser humano.","Ascaris lumbricoides: qual é a forma infectante?","O ovo com a larva L3."
"Helmintologia::Ascaris lumbricoides","Ascaris lumbricoides","4. Ciclo Biológico","Local","Aula","1032","ASCARIS_E_ASCARIDIASE.md § Slide 8","No intestino delgado (duodeno), sob estímulos químicos do trato digestivo, os ovos eclodem","Ascaris lumbricoides: onde o ovo ingerido eclode?","No duodeno."
"Helmintologia::Ascaris lumbricoides","Ascaris lumbricoides","4. Ciclo Biológico","Mecanismo","Aula","1033","ASCARIS_E_ASCARIDIASE.md § Slide 8","sob estímulos químicos do trato digestivo, os ovos eclodem","Ascaris lumbricoides — ovo no duodeno: o que provoca a eclosão?","Estímulos químicos do trato digestivo."
"Helmintologia::Ascaris lumbricoides","Ascaris lumbricoides","4. Ciclo Biológico","Local","Aula","1034","ASCARIS_E_ASCARIDIASE.md § Slide 8","entram nos capilares linfáticos ou nas vênulas da circulação portal","Ascaris lumbricoides — larva, depois de penetrar a parede do intestino delgado: em que vasos entra?","Capilares linfáticos ou vênulas da circulação porta."
"Helmintologia::Ascaris lumbricoides","Ascaris lumbricoides","4. Ciclo Biológico","Sequência","Aula","1035","ASCARIS_E_ASCARIDIASE.md § Slide 8","entram nos capilares linfáticos ou nas vênulas da circulação portal e chegam ao **fígado**","Ascaris lumbricoides — larva na circulação porta: a que órgão chega?","Ao fígado."
"Helmintologia::Ascaris lumbricoides","Ascaris lumbricoides","4. Ciclo Biológico","Sequência","Aula","1036","ASCARIS_E_ASCARIDIASE.md § Slide 8","Do fígado, migram pelas veias hepáticas até a veia cava inferior, alcançando o átrio e o ventrículo direito do **coração**, de onde são bombeadas pela artéria pulmonar para os **pulmões**.","Ascaris lumbricoides — larva: qual é o trajeto do fígado aos pulmões?","Veias hepáticas → veia cava inferior → coração direito → artéria pulmonar → pulmões."
"Helmintologia::Ascaris lumbricoides","Ascaris lumbricoides","4. Ciclo Biológico","Local","Aula","1037","ASCARIS_E_ASCARIDIASE.md § Slide 8","Nos capilares pulmonares, as larvas crescem e rompem a parede alveolar","Ascaris lumbricoides — larva nos capilares pulmonares: que parede rompe?","A parede alveolar."
"Helmintologia::Ascaris lumbricoides","Ascaris lumbricoides","4. Ciclo Biológico","Local","Aula","1038","ASCARIS_E_ASCARIDIASE.md § Slide 8","Nos capilares pulmonares, as larvas crescem e rompem a parede alveolar, caindo nos **alvéolos pulmonares**, onde sofrem novas mudas (L4).","Ascaris lumbricoides — larva: em que órgão muda para L4?","No pulmão."
"Helmintologia::Ascaris lumbricoides","Ascaris lumbricoides","4. Ciclo Biológico","Sequência","Aula","1039","ASCARIS_E_ASCARIDIASE.md § Slide 8","Subindo pela árvore brônquica (bronquíolos, brônquios e traqueia)","Ascaris lumbricoides — larva: por onde sobe do pulmão até a laringe?","Pela árvore brônquica."
"Helmintologia::Ascaris lumbricoides","Ascaris lumbricoides","4. Ciclo Biológico","Sinal/sintoma","Aula","1040","ASCARIS_E_ASCARIDIASE.md § Slide 8","as larvas chegam à laringe e faringe, onde provocam reflexo de tosse","Ascaris lumbricoides — larva que chega à laringe: o que provoca?","Tosse."
"Helmintologia::Ascaris lumbricoides","Ascaris lumbricoides","4. Ciclo Biológico","Sequência","Aula","1041","ASCARIS_E_ASCARIDIASE.md § Slide 8","São então **deglutidas**","Ascaris lumbricoides — larva que chega à laringe: o que acontece com ela em seguida?","É deglutida."
"Helmintologia::Ascaris lumbricoides","Ascaris lumbricoides","4. Ciclo Biológico","Local","Aula","1042","ASCARIS_E_ASCARIDIASE.md § Slide 8","chegam ao intestino delgado (jejuno e duodeno), onde se fixam e sofrem a última muda","Ascaris lumbricoides — larva deglutida: onde vira verme adulto?","No intestino delgado (jejuno e duodeno)."
"Helmintologia::Ascaris lumbricoides","Ascaris lumbricoides","4. Ciclo Biológico","Tempo","Aula","1043","ASCARIS_E_ASCARIDIASE.md § Slide 8","o período pré-patente (tempo decorrido desde a ingestão do ovo infectante até o aparecimento de novos ovos nas fezes) é de **30-40 dias**","Ascaris lumbricoides: qual é o período pré-patente?","30 a 40 dias."
"Helmintologia::Ascaris lumbricoides","Ascaris lumbricoides","5. Transmissão","Mecanismo","Aula","1044","ASCARIS_E_ASCARIDIASE.md § Slide 9 || ASCARIS_E_ASCARIDIASE.md § Slide 8","Fezes humanas ou de suínos - contaminação de água ou alimentos || O hospedeiro humano ingere água ou alimentos contaminados com ovos embrionados (L3).","Ascaridíase: como ocorre a transmissão?","Fezes humanas ou de suínos contaminam água ou alimentos, que são ingeridos."
"Helmintologia::Ascaris lumbricoides","Ascaris lumbricoides","5. Transmissão","Definição","Aula","1045","ASCARIS_E_ASCARIDIASE.md § Slide 9","Um agricultor regando uma plantação de hortaliças (alfaces) com água suspensa, demonstrando o risco de irrigação com água contaminada por esgoto.","Ascaridíase: que exemplo de alimento contaminado a ficha dá?","Hortaliças irrigadas com água de esgoto."
"Helmintologia::Ascaris lumbricoides","Ascaris lumbricoides","6. Fatores de Risco","Número","Aula","1046","ASCARIS_E_ASCARIDIASE.md § Slide 3","1 bilhão de pessoas infectadas","Ascaris lumbricoides: quantas pessoas infectadas no mundo, pela aula?","Cerca de 1 bilhão."
"Helmintologia::Ascaris lumbricoides","Ascaris lumbricoides","6. Fatores de Risco","Número","Aula","1047","ASCARIS_E_ASCARIDIASE.md § Slide 3","30% da população mundial","Ascaris lumbricoides: que porcentagem da população mundial é parasitada?","Cerca de 30%."
"Helmintologia::Ascaris lumbricoides","Ascaris lumbricoides","6. Fatores de Risco","Local","Aula","1048","ASCARIS_E_ASCARIDIASE.md § Slide 3","Distribuição geográfica ampla","Ascaris lumbricoides: como é a distribuição geográfica?","Ampla."
"Helmintologia::Ascaris lumbricoides","Ascaris lumbricoides","6. Fatores de Risco","Número","Aula","1049","ASCARIS_E_ASCARIDIASE.md § Slide 3","Atinge 70 a 90% das crianças na faixa etária de 1 a 10 anos","Ascaris lumbricoides: que proporção das crianças de 1 a 10 anos atinge?","70 a 90%."
"Helmintologia::Ascaris lumbricoides","Ascaris lumbricoides","6. Fatores de Risco","Definição","Aula","1050","ASCARIS_E_ASCARIDIASE.md § Slide 5","Crianças de faixa etária de 1a 10 anos- maior susceptibilidade;","Ascaris lumbricoides: que faixa etária tem maior suscetibilidade?","Crianças de 1 a 10 anos."
"Helmintologia::Ascaris lumbricoides","Ascaris lumbricoides","6. Fatores de Risco","Tempo","Aula","1051","ASCARIS_E_ASCARIDIASE.md § Slide 4","Viabilidade do ovo infectante por muitos meses (até um ano);","Ascaris lumbricoides — ovo infectante: por quanto tempo fica viável no ambiente?","Até um ano."
"Helmintologia::Ascaris lumbricoides","Ascaris lumbricoides","6. Fatores de Risco","Definição","Aula","1052","ASCARIS_E_ASCARIDIASE.md § Slide 4","hábito da população (+crianças) de defecar no peri-domicilio","Ascaris lumbricoides: que hábito da população favorece a transmissão?","Defecar no peridomicílio (sobretudo as crianças)."
"Helmintologia::Ascaris lumbricoides","Ascaris lumbricoides","6. Fatores de Risco","Lista","Aula","1053","ASCARIS_E_ASCARIDIASE.md § Slide 5 || ASCARIS_E_ASCARIDIASE.md § Slide 5","Temperatura média anual elevada; || Umidade ambiental elevada;","Ascaris lumbricoides: que condições do clima favorecem a transmissão?","Temperatura média anual e umidade elevadas."
"Helmintologia::Ascaris lumbricoides","Ascaris lumbricoides","6. Fatores de Risco","Mecanismo","Aula","1054","ASCARIS_E_ASCARIDIASE.md § Slide 5","Dispersão de ovos através de chuvas e ventos e insetos (H. Paratênico)","Ascaris lumbricoides: por que meios os ovos se dispersam?","Chuvas, ventos e insetos (hospedeiro paratênico)."
"Helmintologia::Ascaris lumbricoides","Ascaris lumbricoides","6. Fatores de Risco","Relação","Aula","1055","ASCARIS_E_ASCARIDIASE.md § Slide 5","Migrações humanas - introdução e disseminação do agente etiológico","Ascaris lumbricoides: qual é o papel das migrações humanas?","Introduzem e disseminam o agente."
"Helmintologia::Ascaris lumbricoides","Ascaris lumbricoides","6. Fatores de Risco","Definição","Aula","1056","ASCARIS_E_ASCARIDIASE.md § Slide 4","Grande produção de ovos pela fêmea","Ascaris lumbricoides: que característica da fêmea favorece a transmissão?","A grande produção de ovos."
"Helmintologia::Ascaris lumbricoides","Ascaris lumbricoides","6. Fatores de Risco","Definição","Aula","1057","ASCARIS_E_ASCARIDIASE.md § Slide 4","grande concentração de indivíduos em condições precárias","Ascaris lumbricoides: que aglomeração favorece a transmissão?","Aglomeração de pessoas em condições precárias."
"Helmintologia::Ascaris lumbricoides","Ascaris lumbricoides","7. Patogenia","Lista","Aula","1058","ASCARIS_E_ASCARIDIASE.md § Slide 10 || ASCARIS_E_ASCARIDIASE.md § Slide 10","Migração das larvas || Vermes adultos no seu habitat – Intestino delgado","Ascaridíase — patogenia: em que duas etapas se divide?","Migração das larvas e vermes adultos no intestino delgado."
"Helmintologia::Ascaris lumbricoides","Ascaris lumbricoides","7. Patogenia","Relação","Aula","1059","ASCARIS_E_ASCARIDIASE.md § Slide 10","A intensidade das alterações provocadas está diretamente relacionada com o número de formas evolutivas presentes","Ascaridíase: a intensidade das alterações se relaciona com quê?","Com o número de formas evolutivas presentes."
"Helmintologia::Ascaris lumbricoides","Ascaris lumbricoides","7. Patogenia","Relação","Aula","1060","ASCARIS_E_ASCARIDIASE.md § Slide 10","Relacionada com a resposta imune do hospedeiro","Ascaridíase — patogenia: com que resposta do hospedeiro se relaciona?","A resposta imune."
"Helmintologia::Ascaris lumbricoides","Ascaris lumbricoides","7. Patogenia","Lista","Aula","1061","ASCARIS_E_ASCARIDIASE.md § Slide 10","Mecanismos de origem: mecânica, tóxica ou alérgica","Ascaridíase: quais são os mecanismos de origem das lesões?","Mecânico, tóxico ou alérgico."
"Helmintologia::Ascaris lumbricoides","Ascaris lumbricoides","7. Patogenia","Definição","Aula","1062","ASCARIS_E_ASCARIDIASE.md § Slide 11 || ASCARIS_E_ASCARIDIASE.md § Slide 11","hepatite intersticial focal crônica || estudos experimentais - suínos","Ascaris — larvas no fígado: que lesão causam, em estudos experimentais em suínos?","Hepatite intersticial focal crônica."
"Helmintologia::Ascaris lumbricoides","Ascaris lumbricoides","7. Patogenia","Relação","Aula","1063","ASCARIS_E_ASCARIDIASE.md § Slide 11","humanos: não evidenciado","Ascaris — hepatite intersticial focal crônica pelas larvas: foi evidenciada em humanos?","Não."
"Helmintologia::Ascaris lumbricoides","Ascaris lumbricoides","7. Patogenia","Sinal/sintoma","Aula","1064","ASCARIS_E_ASCARIDIASE.md § Slide 11","Forma leve: inflamação e focos hemorrágicos","Ascaris — larvas no pulmão, forma leve: o que causam?","Inflamação e focos hemorrágicos."
"Helmintologia::Ascaris lumbricoides","Ascaris lumbricoides","7. Patogenia","Definição","Aula","1065","ASCARIS_E_ASCARIDIASE.md § Slide 11","Forma maciça: Síndrome de Löffler","Ascaris — larvas no pulmão, forma maciça: que síndrome causam?","Síndrome de Löffler."
"Helmintologia::Ascaris lumbricoides","Ascaris lumbricoides","7. Patogenia","Relação","Aula","1066","ASCARIS_E_ASCARIDIASE.md § Slide 12","`Infecção leve` ➔ `Assintomático`","Ascaris — adultos no intestino, infecção leve: como é o quadro?","Assintomático."
"Helmintologia::Ascaris lumbricoides","Ascaris lumbricoides","7. Patogenia","Função","Aula","1067","ASCARIS_E_ASCARIDIASE.md § Slide 12","Mucosa – secreção e absorção","Ascaris — infecção intensa: que função da mucosa intestinal é afetada?","Secreção e absorção."
"Helmintologia::Ascaris lumbricoides","Ascaris lumbricoides","7. Patogenia","Função","Aula","1068","ASCARIS_E_ASCARIDIASE.md § Slide 12","Submucosa – vascularização","Ascaris — infecção intensa: que função da submucosa é afetada?","Vascularização."
"Helmintologia::Ascaris lumbricoides","Ascaris lumbricoides","7. Patogenia","Função","Aula","1069","ASCARIS_E_ASCARIDIASE.md § Slide 12","Muscular – movimentos peristálticos","Ascaris — infecção intensa: que função da camada muscular é afetada?","Movimentos peristálticos."
"Helmintologia::Ascaris lumbricoides","Ascaris lumbricoides","7. Patogenia","Função","Aula","1070","ASCARIS_E_ASCARIDIASE.md § Slide 12","Serosa- proteção ( tecido conjuntivo)","Ascaris — infecção intensa: que função da serosa é afetada?","Proteção (tecido conjuntivo)."
"Helmintologia::Ascaris lumbricoides","Ascaris lumbricoides","7. Patogenia","Lista","Aula","1071","ASCARIS_E_ASCARIDIASE.md § Slide 12 || ASCARIS_E_ASCARIDIASE.md § Slide 12 || ASCARIS_E_ASCARIDIASE.md § Slide 12 || ASCARIS_E_ASCARIDIASE.md § Slide 12","Deficiência proteica / desnutrição || Ação espoliadora || Ação tóxica || Ação mecânica","Ascaris — infecção intensa: por que ações levam à deficiência proteica/desnutrição?","Espoliadora, tóxica e mecânica."
"Helmintologia::Ascaris lumbricoides","Ascaris lumbricoides","7. Patogenia","Mecanismo","Aula","1072","ASCARIS_E_ASCARIDIASE.md § Slide 13","1- Absorção anormal de um nutriente / 2- Hipermotilidade do intestino","Ascaris — síndromes de disabsorção: que duas alterações o parasita causa?","Absorção anormal de nutriente e hipermotilidade intestinal."
"Helmintologia::Ascaris lumbricoides","Ascaris lumbricoides","7. Patogenia","Mecanismo","Aula","1073","ASCARIS_E_ASCARIDIASE.md § Slide 13","Bactérias colônias metabolizam ativamente substâncias não digeridas","Ascaris — disabsorção: o que as bactérias colônias metabolizam?","As substâncias não digeridas."
"Helmintologia::Ascaris lumbricoides","Ascaris lumbricoides","7. Patogenia","Mecanismo","Aula","1074","ASCARIS_E_ASCARIDIASE.md § Slide 13","liberam gases e produtos metabólicos","Ascaris — disabsorção: o que as bactérias colônias liberam ao metabolizar as substâncias não digeridas?","Gases e produtos metabólicos."
"Helmintologia::Ascaris lumbricoides","Ascaris lumbricoides","7. Patogenia","Mecanismo","Aula","1075","ASCARIS_E_ASCARIDIASE.md § Slide 13","liberam gases e produtos metabólicos que aceleram a motilidade","Ascaris — disabsorção: o que os gases e produtos metabólicos das bactérias colônias aceleram?","A motilidade intestinal."
"Helmintologia::Ascaris lumbricoides","Ascaris lumbricoides","7. Patogenia","Sinal/sintoma","Aula","1076","ASCARIS_E_ASCARIDIASE.md § Slide 13","distensão intestinal, flatulência e diarreia","Ascaris — disabsorção: além da motilidade acelerada, que alterações a ficha lista?","Distensão intestinal, flatulência e diarreia."
"Helmintologia::Ascaris lumbricoides","Ascaris lumbricoides","7. Patogenia","Mecanismo","Aula","1077","ASCARIS_E_ASCARIDIASE.md § Slide 14","Obstrução intestinal (▪ Ação mecânica)","Ascaris — infecção intensa: por que ação ocorre a obstrução intestinal?","Ação mecânica."
"Helmintologia::Ascaris lumbricoides","Ascaris lumbricoides","7. Patogenia","Lista","Aula","1078","ASCARIS_E_ASCARIDIASE.md § Slide 14 || ASCARIS_E_ASCARIDIASE.md § Slide 14 || ASCARIS_E_ASCARIDIASE.md § Slide 14 || ASCARIS_E_ASCARIDIASE.md § Slide 14","Ducto pancreático || Ducto biliar || Mucosa intestinal || Trato respiratório","Ascaris — migração errática: para onde os vermes podem ir?","Ducto pancreático, ducto biliar, mucosa intestinal e trato respiratório."
"Helmintologia::Ascaris lumbricoides","Ascaris lumbricoides","7. Patogenia","Lista","Aula","1079","ASCARIS_E_ASCARIDIASE.md § Slide 16 || ASCARIS_E_ASCARIDIASE.md § Slide 16 || ASCARIS_E_ASCARIDIASE.md § Slide 16 || ASCARIS_E_ASCARIDIASE.md § Slide 16 || ASCARIS_E_ASCARIDIASE.md § Slide 16","Febre || Agentes anestésicos || Drogas || Vermífugos || Pimenta","Ascaris: que fatores levam à migração errática dos vermes?","Febre, agentes anestésicos, drogas, vermífugos e pimenta."
"Helmintologia::Ascaris lumbricoides","Ascaris lumbricoides","7. Patogenia","Relação","Aula","1080","ASCARIS_E_ASCARIDIASE.md § Slide 16 || ASCARIS_E_ASCARIDIASE.md § Slide 16 || ASCARIS_E_ASCARIDIASE.md § Slide 16 || ASCARIS_E_ASCARIDIASE.md § Slide 16","DESENVOLVIMENTO DE COMPLICAÇÕES || Intensidade da infecção || idade || sexo","Ascaridíase: de que fatores depende o desenvolvimento de complicações?","Intensidade da infecção, idade e sexo."
"Helmintologia::Ascaris lumbricoides","Ascaris lumbricoides","8. Manifestações Clínicas","Sinal/sintoma","Aula","1081","ASCARIS_E_ASCARIDIASE.md § Slide 15","baixo desenvolvimento (peso e altura)","Ascaridíase em crianças: como fica o desenvolvimento?","Baixo desenvolvimento pondero-estatural (peso e altura)."
"Helmintologia::Ascaris lumbricoides","Ascaris lumbricoides","8. Manifestações Clínicas","Sinal/sintoma","Aula","1082","ASCARIS_E_ASCARIDIASE.md § Slide 15","estado nutricional baixo","Ascaridíase em crianças: como fica o estado nutricional?","Baixo."
"Helmintologia::Ascaris lumbricoides","Ascaris lumbricoides","8. Manifestações Clínicas","Sinal/sintoma","Aula","1083","ASCARIS_E_ASCARIDIASE.md § Slide 15","baixos níveis de vitamina A (causando manchas na pele)","Ascaridíase em crianças: que vitamina fica em nível baixo?","Vitamina A."
"Helmintologia::Ascaris lumbricoides","Ascaris lumbricoides","8. Manifestações Clínicas","Sinal/sintoma","Aula","1084","ASCARIS_E_ASCARIDIASE.md § Slide 15","baixos níveis de vitamina A (causando manchas na pele)","Ascaridíase em crianças — vitamina A baixa: que sinal causa na pele?","Manchas na pele."
"Helmintologia::Ascaris lumbricoides","Ascaris lumbricoides","8. Manifestações Clínicas","Sinal/sintoma","Aula","1085","ASCARIS_E_ASCARIDIASE.md § Slide 15","síndrome de intolerância a lactose","Ascaridíase em crianças: que síndrome digestiva pode surgir?","Intolerância à lactose."
"Helmintologia::Ascaris lumbricoides","Ascaris lumbricoides","8. Manifestações Clínicas","Sinal/sintoma","Aula","1086","ASCARIS_E_ASCARIDIASE.md § Slide 15","desconforto abdominal, cólica intermitente, má digestão e náuseas","Ascaridíase maciça: que sintomas digestivos dá?","Desconforto abdominal, cólica intermitente, má digestão e náuseas."
"Helmintologia::Ascaris lumbricoides","Ascaris lumbricoides","8. Manifestações Clínicas","Sinal/sintoma","Aula","1087","ASCARIS_E_ASCARIDIASE.md § Slide 15 || ASCARIS_E_ASCARIDIASE.md § Slide 15","Tosse produtiva || Catarro sanguinolento com larvas do helminto","Ascaridíase — síndrome de Löffler: como é a tosse?","Produtiva, com catarro sanguinolento contendo larvas."
"Helmintologia::Ascaris lumbricoides","Ascaris lumbricoides","8. Manifestações Clínicas","Relação","Aula","1088","ASCARIS_E_ASCARIDIASE.md § Slide 15","Relacionada ao estado nutricional e imunológico das crianças","Ascaridíase — síndrome de Löffler em crianças: com que se relaciona?","Com o estado nutricional e imunológico."
"Helmintologia::Ascaris lumbricoides","Ascaris lumbricoides","9. Diagnóstico","Definição","Aula","1089","ASCARIS_E_ASCARIDIASE.md § Slide 17","Raio X","Ascaridíase: que exame de imagem a aula cita no diagnóstico?","Raio X."
"Helmintologia::Ascaris lumbricoides","Ascaris lumbricoides","9. Diagnóstico","Definição","Aula","1090","ASCARIS_E_ASCARIDIASE.md § Slide 17 || ASCARIS_E_ASCARIDIASE.md § Slide 17","Clínico || Laboratorial:","Ascaridíase: o diagnóstico é clínico, laboratorial ou os dois?","Clínico e laboratorial."
"Helmintologia::Ascaris lumbricoides","Ascaris lumbricoides","9. Diagnóstico","Lista","Aula","1091","ASCARIS_E_ASCARIDIASE.md § Slide 17 || ASCARIS_E_ASCARIDIASE.md § Slide 17","HPJ - Formol - éter (Ritchie) || Kato-katz : O.P.G. (Ovos Por Grama de fezes)","Ascaridíase: que métodos de exame de fezes a aula lista?","HPJ-Formol-éter (Ritchie) e Kato-Katz."
"Helmintologia::Ascaris lumbricoides","Ascaris lumbricoides","9. Diagnóstico","Número","Aula","1092","ASCARIS_E_ASCARIDIASE.md § Slide 17","ovos férteis - 60 x 40 µm","Ascaris lumbricoides — ovo fértil no exame: quais são as medidas?","60 × 40 µm."
"Helmintologia::Ascaris lumbricoides","Ascaris lumbricoides","9. Diagnóstico","Número","Aula","1093","ASCARIS_E_ASCARIDIASE.md § Slide 17","ovos inférteis - 90 x 40 µm","Ascaris lumbricoides — ovo infértil no exame: quais são as medidas?","90 × 40 µm."
"Helmintologia::Ascaris lumbricoides","Ascaris lumbricoides","9. Diagnóstico","Número","Aula","1094","ASCARIS_E_ASCARIDIASE.md § Slide 17 || ASCARIS_E_ASCARIDIASE.md § Slide 17","OPG < 10.000 || infecção leve","Ascaridíase — Kato-Katz: que OPG corresponde à infecção leve?","Menos de 10.000 OPG."
"Helmintologia::Ascaris lumbricoides","Ascaris lumbricoides","9. Diagnóstico","Número","Aula","1095","ASCARIS_E_ASCARIDIASE.md § Slide 17 || ASCARIS_E_ASCARIDIASE.md § Slide 17","infecção leve || correspondendo a cerca de 5 parasitas","Ascaridíase — Kato-Katz, infecção leve: a quantos vermes corresponde?","Cerca de 5."
"Helmintologia::Ascaris lumbricoides","Ascaris lumbricoides","9. Diagnóstico","Número","Aula","1096","ASCARIS_E_ASCARIDIASE.md § Slide 17 || ASCARIS_E_ASCARIDIASE.md § Slide 17","OPG 10.000 - 20.000 || infecção média","Ascaridíase — Kato-Katz: que OPG corresponde à infecção média?","10.000 a 20.000 OPG."
"Helmintologia::Ascaris lumbricoides","Ascaris lumbricoides","9. Diagnóstico","Número","Aula","1097","ASCARIS_E_ASCARIDIASE.md § Slide 17 || ASCARIS_E_ASCARIDIASE.md § Slide 17","infecção média || 5 a 10 parasitas","Ascaridíase — Kato-Katz, infecção média: a quantos vermes corresponde?","5 a 10."
"Helmintologia::Ascaris lumbricoides","Ascaris lumbricoides","9. Diagnóstico","Número","Aula","1098","ASCARIS_E_ASCARIDIASE.md § Slide 17 || ASCARIS_E_ASCARIDIASE.md § Slide 17","OPG > 20.000 || infecção intensa","Ascaridíase — Kato-Katz: que OPG corresponde à infecção intensa?","Mais de 20.000 OPG."
"Helmintologia::Ascaris lumbricoides","Ascaris lumbricoides","9. Diagnóstico","Número","Aula","1099","ASCARIS_E_ASCARIDIASE.md § Slide 17 || ASCARIS_E_ASCARIDIASE.md § Slide 17","infecção intensa || > 10 parasitas","Ascaridíase — Kato-Katz, infecção intensa: a quantos vermes corresponde?","Mais de 10."
"Helmintologia::Ascaris lumbricoides","Ascaris lumbricoides","10. Tratamento","Definição","Aula","1100","ASCARIS_E_ASCARIDIASE.md § Slide 19","Cuidados especiais com alimentação - dieta composta por proteínas, carboidratos, vitaminas A e que seja de fácil absorção.","Ascaridíase: qual é a dieta recomendada no tratamento?","Rica em proteínas, carboidratos e vitamina A, de fácil absorção."
"Helmintologia::Ascaris lumbricoides","Ascaris lumbricoides","10. Tratamento","Definição","Aula","1101","ASCARIS_E_ASCARIDIASE.md § Slide 19","Piperazina (indicada para casos mais graves): enovelamento de parasitos","Ascaridíase: que medicamento é indicado nos casos mais graves de enovelamento/obstrução?","Piperazina."
"Helmintologia::Ascaris lumbricoides","Ascaris lumbricoides","10. Tratamento","Lista","Aula","1102","ASCARIS_E_ASCARIDIASE.md § Slide 19","IMIDAZOIS- Tretamizole e Levamizole","Ascaridíase: que imidazóis a aula cita?","Tretamizole e levamizole."
"Helmintologia::Ascaris lumbricoides","Ascaris lumbricoides","10. Tratamento","Definição","Aula","1103","ASCARIS_E_ASCARIDIASE.md § Slide 19","Pomoato de Pirantel","Ascaridíase: que pirantel a aula lista entre os mais usados?","Pamoato de pirantel (grafado “Pomoato” no slide)."
"Helmintologia::Ascaris lumbricoides","Ascaris lumbricoides","10. Tratamento","Mecanismo","Aula","1104","ASCARIS_E_ASCARIDIASE.md § Slide 19","Agonista do ácido gama aminobutírico (GABA) que se encontra amplamente distribuído nas junções neuromusculares dos nematódeos","Ascaridíase — piperazina: qual é o mecanismo de ação?","Agonista do GABA nas junções neuromusculares do nematódeo."
"Helmintologia::Ascaris lumbricoides","Ascaris lumbricoides","10. Tratamento","Mecanismo","Aula","1105","ASCARIS_E_ASCARIDIASE.md § Slide 19","causa o bloqueio da resposta muscular, causando paralisia do parasita","Ascaridíase — piperazina: que efeito tem sobre o verme?","Paralisia (bloqueio da resposta muscular)."
"Helmintologia::Ascaris lumbricoides","Ascaris lumbricoides","10. Tratamento","Mecanismo","Aula","1106","ASCARIS_E_ASCARIDIASE.md § Slide 19","Relaxamento muscular do helminto - eliminação por peristaltismo intestinal","Ascaridíase — verme paralisado pela piperazina: como é eliminado?","Pelo peristaltismo intestinal."
"Helmintologia::Ascaris lumbricoides","Ascaris lumbricoides","10. Tratamento","Mecanismo","Aula","1107","ASCARIS_E_ASCARIDIASE.md § Slide 20","Age nas tubulinas do parasito / Enzima Fumarato-redutase","Ascaridíase — benzimidazóis: sobre que alvos do parasita agem?","Tubulina e enzima fumarato-redutase."
"Helmintologia::Ascaris lumbricoides","Ascaris lumbricoides","10. Tratamento","Mecanismo","Aula","1108","ASCARIS_E_ASCARIDIASE.md § Slide 20","Desaparecimento de microtúbulos celulares","Ascaridíase — benzimidazóis: que efeito têm sobre os microtúbulos do parasita?","Desaparecimento dos microtúbulos celulares."
"Helmintologia::Ascaris lumbricoides","Ascaris lumbricoides","10. Tratamento","Mecanismo","Aula","1109","ASCARIS_E_ASCARIDIASE.md § Slide 20","Desaparecimento de microtúbulos celulares / Transporte de glicose","Ascaridíase — benzimidazóis: que transporte do parasita afetam?","O transporte de glicose."
"Helmintologia::Ascaris lumbricoides","Ascaris lumbricoides","10. Tratamento","Mecanismo","Aula","1110","ASCARIS_E_ASCARIDIASE.md § Slide 20","Bloqueio de transportes de grânulos de secreção e movimentação de organelas nas células epiteliais do intestino","Ascaridíase — benzimidazóis: o que bloqueiam nas células epiteliais do intestino?","O transporte de grânulos de secreção e a movimentação de organelas."
"Helmintologia::Ascaris lumbricoides","Ascaris lumbricoides","10. Tratamento","Classificação","Aula","1111","ASCARIS_E_ASCARIDIASE.md § Slide 20","b) Metilcarbamatos: Parbendazol, mebendazol, flubendazol, albendazol, fembendazol, oxfendazol.","Benzimidazóis (ascaridíase): a que grupo pertencem o albendazol e o mebendazol?","Metilcarbamatos."
"Helmintologia::Ascaris lumbricoides","Ascaris lumbricoides","10. Tratamento","Lista","Aula","1112","ASCARIS_E_ASCARIDIASE.md § Slide 20","b) Metilcarbamatos: Parbendazol, mebendazol, flubendazol, albendazol, fembendazol, oxfendazol.","Benzimidazóis (ascaridíase) — metilcarbamatos: além de albendazol e mebendazol, quais a aula lista?","Parbendazol, flubendazol, fembendazol e oxfendazol."
"Helmintologia::Ascaris lumbricoides","Ascaris lumbricoides","10. Tratamento","Classificação","Aula","1113","ASCARIS_E_ASCARIDIASE.md § Slide 20","a) Tiazólicos: tiabendazol, cambendazol.","Benzimidazóis (ascaridíase): a que grupo pertencem o tiabendazol e o cambendazol?","Tiazólicos."
"Helmintologia::Ascaris lumbricoides","Ascaris lumbricoides","10. Tratamento","Classificação","Aula","1114","ASCARIS_E_ASCARIDIASE.md § Slide 20","c) Halogenados: triclambendazol.","Benzimidazóis (ascaridíase): a que grupo pertence o triclambendazol?","Halogenados."
"Helmintologia::Ascaris lumbricoides","Ascaris lumbricoides","10. Tratamento","Classificação","Aula","1115","ASCARIS_E_ASCARIDIASE.md § Slide 20","d) Pró-benzimidazóis: febantel, tiofanato, netobimin.","Benzimidazóis (ascaridíase): a que grupo pertencem o febantel, o tiofanato e o netobimin?","Pró-benzimidazóis."
"Helmintologia::Ascaris lumbricoides","Ascaris lumbricoides","10. Tratamento","Definição","Aula","1116","ASCARIS_E_ASCARIDIASE.md § Slide 21","Ivermectina - formulação humana (uso sob recomendação)","Ascaridíase — ivermectina: como é o uso?","Sob recomendação."
"Helmintologia::Ascaris lumbricoides","Ascaris lumbricoides","10. Tratamento","Mecanismo","Aula","1117","ASCARIS_E_ASCARIDIASE.md § Slide 21","Agem sobre o ácido gama aminobutírico ou GABA.","Ascaridíase — ivermectina: sobre que neurotransmissor age?","GABA."
"Helmintologia::Ascaris lumbricoides","Ascaris lumbricoides","10. Tratamento","Relação","Aula","1118","ASCARIS_E_ASCARIDIASE.md § Slide 21","Não possuem atividade tenicida nem trematodicida","Ascaridíase — ivermectina: tem atividade contra tênias e trematódeos?","Não."
"Helmintologia::Ascaris lumbricoides","Ascaris lumbricoides","10. Tratamento","Mecanismo","Aula","1119","ASCARIS_E_ASCARIDIASE.md § Slide 21","devido à falta ou pouca importância neste tipo de helminto da transmissão nervosa inibidora mediada pela abertura dos canais de cloro","Ascaridíase — ivermectina: por que não age contra tênias e trematódeos?","Pela pouca importância, nesses helmintos, da transmissão nervosa inibidora mediada por canais de cloro."
"Helmintologia::Ascaris lumbricoides","Ascaris lumbricoides","10. Tratamento","Esquema","Aula","1120","ASCARIS_E_ASCARIDIASE.md § Slide 21","Manter o paciente em jejum - passar sonda nasogástrica","Ascaridíase com oclusão ou suboclusão: qual é a conduta inicial?","Jejum e sonda nasogástrica."
"Helmintologia::Ascaris lumbricoides","Ascaris lumbricoides","10. Tratamento","Esquema","Aula","1121","ASCARIS_E_ASCARIDIASE.md § Slide 21","hexahidrato de piramizina [sic - piperazina] e óleo mineral","Ascaridíase com oclusão ou suboclusão: o que se dá pela sonda nasogástrica?","Piperazina e óleo mineral."
"Helmintologia::Ascaris lumbricoides","Ascaris lumbricoides","10. Tratamento","Relação","Aula","1122","ASCARIS_E_ASCARIDIASE.md § Slide 21","intervenção cirúrgica caso não haja resolução do processo oclusivo","Ascaridíase com oclusão: quando se indica cirurgia?","Quando o processo oclusivo não se resolve."
"Helmintologia::Ascaris lumbricoides","Ascaris lumbricoides","11. Profilaxia","Definição","Aula","1123","ASCARIS_E_ASCARIDIASE.md § Slide 22","tratamento adequado dos infectados","Ascaridíase — profilaxia: que medida se aplica aos infectados?","Tratamento adequado."
"Helmintologia::Ascaris lumbricoides","Ascaris lumbricoides","11. Profilaxia","Definição","Aula","1124","ASCARIS_E_ASCARIDIASE.md § Slide 22","eliminação adequada das excretas","Ascaridíase — profilaxia: que medida se aplica às excretas?","Eliminação adequada."
"Helmintologia::Ascaris lumbricoides","Ascaris lumbricoides","11. Profilaxia","Número","Aula","1125","ASCARIS_E_ASCARIDIASE.md § Slide 22","Banco mundial (1990) - 2 bilhões de pessoas não têm eliminação adequada das excretas","Ascaridíase — profilaxia: quantas pessoas não tinham eliminação adequada de excretas, pelo Banco Mundial (1990)?","2 bilhões."
"Helmintologia::Ascaris lumbricoides","Ascaris lumbricoides","11. Profilaxia","Definição","Aula","1126","ASCARIS_E_ASCARIDIASE.md § Slide 22","controle de artrópodes e outros vetores mecânicos","Ascaridíase — profilaxia: que controle de vetores se faz?","Controle de artrópodes e outros vetores mecânicos."
"Helmintologia::Ascaris lumbricoides","Ascaris lumbricoides","11. Profilaxia","Definição","Aula","1127","ASCARIS_E_ASCARIDIASE.md § Slide 23","utilização de água potável (tratada ou filtrada)","Ascaridíase — profilaxia: que água usar?","Água potável (tratada ou filtrada)."
"Helmintologia::Ascaris lumbricoides","Ascaris lumbricoides","11. Profilaxia","Lista","Aula","1128","ASCARIS_E_ASCARIDIASE.md § Slide 23 || ASCARIS_E_ASCARIDIASE.md § Slide 23","lavagem de verduras e alimentos || higiene pessoal","Ascaridíase — profilaxia: que medidas de higiene a aula cita?","Lavagem de verduras e alimentos e higiene pessoal."
"Helmintologia::Ancilostomídeos","Ancilostomídeos","1. Agente","Lista","Aula","2001","ANCILOSTOMIDEOS.md § Slide 1 || ANCILOSTOMIDEOS.md § Slide 1","*Ancylostoma duodenale* || *Necator americanus*","Ancilostomíase: quais são as espécies de interesse médico?","Ancylostoma duodenale e Necator americanus."
"Helmintologia::Ancilostomídeos","Ancilostomídeos","1. Agente","Definição","Aula","2002","ANCILOSTOMIDEOS.md § Slide 4","(Necator = assassino)","Necator americanus: o que significa “Necator”?","Assassino."
"Helmintologia::Ancilostomídeos","Ancilostomídeos","2. Classificação","Classificação","Aula","2003","ANCILOSTOMIDEOS.md § Slide 1","*Strongylidea*","Ancilostomídeos: qual é a ordem?","Strongylidea."
"Helmintologia::Ancilostomídeos","Ancilostomídeos","2. Classificação","Classificação","Aula","2004","ANCILOSTOMIDEOS.md § Slide 1","*Ancylostomatidae*","Ancilostomídeos: qual é a família?","Ancylostomatidae."
"Helmintologia::Ancilostomídeos","Ancilostomídeos","2. Classificação","Classificação","Aula","2005","ANCILOSTOMIDEOS.md § Slide 2 || ANCILOSTOMIDEOS.md § Slide 2","• Ancylostoma duodenale || Subfamília Ancylostominae: caracterizada por dentes","Ancylostoma duodenale: a que subfamília pertence?","Ancylostominae."
"Helmintologia::Ancilostomídeos","Ancilostomídeos","2. Classificação","Classificação","Aula","2006","ANCILOSTOMIDEOS.md § Slide 2 || ANCILOSTOMIDEOS.md § Slide 2","• Ancylostoma ceylanicum || Subfamília Ancylostominae: caracterizada por dentes","Ancylostoma ceylanicum: a que subfamília pertence?","Ancylostominae."
"Helmintologia::Ancilostomídeos","Ancilostomídeos","2. Classificação","Data","Aula","2007","ANCILOSTOMIDEOS.md § Slide 2","Ancylostoma ceylanicum` *(Loss, 1911)*","Ancylostoma ceylanicum: que autor e ano a aula põe entre parênteses?","Loss, 1911."
"Helmintologia::Ancilostomídeos","Ancilostomídeos","2. Classificação","Definição","Aula","2008","ANCILOSTOMIDEOS.md § Slide 2","Subfamília Ancylostominae: caracterizada por dentes","Ancilostomídeos — subfamília Ancylostominae: o que a caracteriza?","Dentes."
"Helmintologia::Ancilostomídeos","Ancilostomídeos","2. Classificação","Classificação","Aula","2009","ANCILOSTOMIDEOS.md § Slide 2 || ANCILOSTOMIDEOS.md § Slide 2","• Necator americanus || Subfamília Bunostominae: caracterizada por lâminas cortantes","Necator americanus: a que subfamília pertence?","Bunostominae."
"Helmintologia::Ancilostomídeos","Ancilostomídeos","2. Classificação","Definição","Aula","2010","ANCILOSTOMIDEOS.md § Slide 2","Subfamília Bunostominae: caracterizada por lâminas cortantes","Ancilostomídeos — subfamília Bunostominae: o que a caracteriza?","Lâminas cortantes."
"Helmintologia::Ancilostomídeos","Ancilostomídeos","2. Classificação","Data","Aula","2011","ANCILOSTOMIDEOS.md § Slide 2","Ancylostoma duodenale` *(Dubini, 1843)*","Ancylostoma duodenale: que autor e ano a aula põe entre parênteses?","Dubini, 1843."
"Helmintologia::Ancilostomídeos","Ancilostomídeos","2. Classificação","Data","Aula","2012","ANCILOSTOMIDEOS.md § Slide 2","Necator americanus` *(Stiles, 1902)*","Necator americanus: que autor e ano a aula põe entre parênteses?","Stiles, 1902."
"Helmintologia::Ancilostomídeos","Ancilostomídeos","2. Classificação","Comparação","Aula","2013","ANCILOSTOMIDEOS.md § Slide 2 || ANCILOSTOMIDEOS.md § Slide 2","***Ancylostoma caninum* (larva migrans):** || **três pares de dentes ventrais**","Ancylostoma caninum (larva migrans): quantos pares de dentes ventrais tem?","Três pares."
"Helmintologia::Ancilostomídeos","Ancilostomídeos","3. Morfologia","Forma","Aula","2014","ANCILOSTOMIDEOS.md § Slide 3","Adultos cilindriformes c/ extremidade anterior curvada dorsalmente","Ancylostoma duodenale — adulto: como é a extremidade anterior?","Curvada dorsalmente."
"Helmintologia::Ancilostomídeos","Ancilostomídeos","3. Morfologia","Forma","Aula","2015","ANCILOSTOMIDEOS.md § Slide 3","Adultos cilindriformes","Ancylostoma duodenale — adulto: qual é a forma do corpo?","Cilindriforme."
"Helmintologia::Ancilostomídeos","Ancilostomídeos","3. Morfologia","Forma","Aula","2016","ANCILOSTOMIDEOS.md § Slide 3","Cápsula bucal profunda","Ancylostoma duodenale — cápsula bucal: é rasa ou profunda?","Profunda."
"Helmintologia::Ancilostomídeos","Ancilostomídeos","3. Morfologia","Forma","Aula","2017","ANCILOSTOMIDEOS.md § Slide 3","2 pares de dentes ventrais na margem interna da boca","Ancylostoma duodenale — cápsula bucal: quantos pares de dentes ventrais?","Dois pares."
"Helmintologia::Ancilostomídeos","Ancilostomídeos","3. Morfologia","Forma","Aula","2018","ANCILOSTOMIDEOS.md § Slide 3","1 par de lancetas ou dentes triangulares subventrais","Ancylostoma duodenale — cápsula bucal: além dos dentes ventrais, o que tem?","Um par de lancetas subventrais."
"Helmintologia::Ancilostomídeos","Ancilostomídeos","3. Morfologia","Forma","Aula","2019","ANCILOSTOMIDEOS.md § Slide 3","Cor: rosáceo-avermelhada (fresco)","Ancylostoma duodenale — adulto fresco: qual é a cor?","Rosáceo-avermelhada."
"Helmintologia::Ancilostomídeos","Ancilostomídeos","3. Morfologia","Forma","Aula","2020","ANCILOSTOMIDEOS.md § Slide 3","esbranquiçada (fixada)","Ancylostoma duodenale — adulto fixado: qual é a cor?","Esbranquiçada."
"Helmintologia::Ancilostomídeos","Ancilostomídeos","3. Morfologia","Número","Aula","2021","ANCILOSTOMIDEOS.md § Slide 3","Macho: 8-11mm","Ancylostoma duodenale — macho: qual é o tamanho?","8 a 11 mm."
"Helmintologia::Ancilostomídeos","Ancilostomídeos","3. Morfologia","Número","Aula","2022","ANCILOSTOMIDEOS.md § Slide 3","Fêmeas: 10-18mm","Ancylostoma duodenale — fêmea: qual é o tamanho?","10 a 18 mm."
"Helmintologia::Ancilostomídeos","Ancilostomídeos","3. Morfologia","Local","Aula","2023","ANCILOSTOMIDEOS.md § Slide 3","abertura genital no terço posterior do corpo","Ancylostoma duodenale — fêmea: onde fica a abertura genital?","No terço posterior do corpo."
"Helmintologia::Ancilostomídeos","Ancilostomídeos","3. Morfologia","Forma","Aula","2024","ANCILOSTOMIDEOS.md § Slide 3","extremidade posterior c/ bolsa copuladora, gubernáculo evidente","Ancylostoma duodenale — macho: o que tem na extremidade posterior?","Bolsa copuladora e gubernáculo evidente."
"Helmintologia::Ancilostomídeos","Ancilostomídeos","3. Morfologia","Forma","Aula","2025","ANCILOSTOMIDEOS.md § Slide 4","cápsula bucal profunda c/ lâminas cortantes","Necator americanus — cápsula bucal: tem dentes ou lâminas?","Lâminas cortantes."
"Helmintologia::Ancilostomídeos","Ancilostomídeos","3. Morfologia","Número","Aula","2026","ANCILOSTOMIDEOS.md § Slide 4","Macho 6-8mm","Necator americanus — macho: qual é o tamanho?","6 a 8 mm."
"Helmintologia::Ancilostomídeos","Ancilostomídeos","3. Morfologia","Forma","Aula","2027","ANCILOSTOMIDEOS.md § Slide 4","bolsa copuladora bem desenvolvida","Necator americanus — macho: como é a bolsa copuladora?","Bem desenvolvida."
"Helmintologia::Ancilostomídeos","Ancilostomídeos","3. Morfologia","Número","Aula","2028","ANCILOSTOMIDEOS.md § Slide 4","Fêmea 10-12mm","Necator americanus — fêmea: qual é o tamanho?","10 a 12 mm."
"Helmintologia::Ancilostomídeos","Ancilostomídeos","3. Morfologia","Local","Aula","2029","ANCILOSTOMIDEOS.md § Slide 4","abertura genital próxima ao terço anterior do corpo","Necator americanus — fêmea: onde fica a abertura genital?","Próxima ao terço anterior do corpo."
"Helmintologia::Ancilostomídeos","Ancilostomídeos","3. Morfologia","Forma","Aula","2030","ANCILOSTOMIDEOS.md § Slide 4","sem processo espiniforme terminal","Necator americanus — fêmea: tem processo espiniforme terminal?","Não."
"Helmintologia::Ancilostomídeos","Ancilostomídeos","3. Morfologia","Número","Aula","2031","ANCILOSTOMIDEOS.md § Slide 3","Ovos: 60x40µm","Ancilostomídeos — ovo: quais são as medidas?","60 × 40 µm."
"Helmintologia::Ancilostomídeos","Ancilostomídeos","3. Morfologia","Definição","Aula","2032","ANCILOSTOMIDEOS.md § Slide 5","a estrutura da **`clava`** (o bulbo esofágico dilatado do esôfago claviforme","Ancilostomídeos — esôfago: o que é a “clava”?","O bulbo esofágico dilatado do esôfago claviforme."
"Helmintologia::Ancilostomídeos","Ancilostomídeos","3. Morfologia","Lista","Aula","2033","ANCILOSTOMIDEOS.md § Slide 5 || ANCILOSTOMIDEOS.md § Slide 5","A, Macho || c, testículo; d, vesícula seminal; e, canal ejaculador; f, espículos; g, bolsa copuladora","Ancilostomídeos — esquema geral (Fig. 26.1): que órgãos reprodutivos do macho a legenda nomeia?","Testículo, vesícula seminal, canal ejaculador, espículos e bolsa copuladora."
"Helmintologia::Ancilostomídeos","Ancilostomídeos","3. Morfologia","Lista","Aula","2034","ANCILOSTOMIDEOS.md § Slide 5 || ANCILOSTOMIDEOS.md § Slide 5","B, Fêmea || i, útero; j, ovário","Ancilostomídeos — esquema geral (Fig. 26.1): que órgãos reprodutivos da fêmea a legenda nomeia?","Útero e ovário."
"Helmintologia::Ancilostomídeos","Ancilostomídeos","3. Morfologia","Lista","Aula","2035","ANCILOSTOMIDEOS.md § Slide 5 || ANCILOSTOMIDEOS.md § Slide 5 || ANCILOSTOMIDEOS.md § Slide 5","a, cápsula bucal || h, faringe || k, intestino; l, reto e ânus","Ancilostomídeos — esquema geral (Fig. 26.1): que partes do tubo digestivo a legenda nomeia?","Cápsula bucal, faringe, intestino, reto e ânus."
"Helmintologia::Ancilostomídeos","Ancilostomídeos","3. Morfologia","Definição","Aula","2036","ANCILOSTOMIDEOS.md § Slide 5","b, glândulas cefálicas","Ancilostomídeos — esquema geral (Fig. 26.1): que glândulas a legenda nomeia?","Glândulas cefálicas."
"Helmintologia::Ancilostomídeos","Ancilostomídeos","3. Morfologia","Lista","Aula","2037","ANCILOSTOMIDEOS.md § Slide 5 || ANCILOSTOMIDEOS.md § Slide 5","`papilas cefálicas` || `papilas cervicais`","Ancilostomídeos — região anterior: que papilas o esquema mostra?","Papilas cefálicas e cervicais."
"Helmintologia::Ancilostomídeos","Ancilostomídeos","3. Morfologia","Forma","Aula","2038","ANCILOSTOMIDEOS.md § Slide 5","esôfago claviforme","Ancilostomídeos: como se chama o tipo de esôfago?","Claviforme."
"Helmintologia::Ancilostomídeos","Ancilostomídeos","4. Ciclo Biológico","Local","Aula","2039","ANCILOSTOMIDEOS.md § Slide 8","chegam ao seu habitat definitivo no intestino delgado (jejuno e duodeno)","Ancilostomídeos: qual é o habitat do adulto?","Intestino delgado (jejuno e duodeno)."
"Helmintologia::Ancilostomídeos","Ancilostomídeos","4. Ciclo Biológico","Definição","Aula","2040","ANCILOSTOMIDEOS.md § Slide 8","Os ovos contendo embriões em estágio de segmentação são liberados no solo úmido através das fezes humanas.","Ancilostomídeos: em que estágio os ovos saem nas fezes?","Em estágio de segmentação."
"Helmintologia::Ancilostomídeos","Ancilostomídeos","4. Ciclo Biológico","Número","Aula","2041","ANCILOSTOMIDEOS.md § Slide 8","*N. americanus* - 10.000 ovos/dia","Necator americanus: quantos ovos por dia elimina?","Cerca de 10.000."
"Helmintologia::Ancilostomídeos","Ancilostomídeos","4. Ciclo Biológico","Tempo","Aula","2042","ANCILOSTOMIDEOS.md § Slide 8","Em condições favoráveis no solo (1-2 dias), o ovo eclode","Ancilostomídeos — ovo no solo: em quanto tempo eclode?","Em 1 a 2 dias."
"Helmintologia::Ancilostomídeos","Ancilostomídeos","4. Ciclo Biológico","Definição","Aula","2043","ANCILOSTOMIDEOS.md § Slide 8","o ovo eclode e libera a **larva rhabditiforme (L1)**","Ancilostomídeos — ovo no solo: que larva libera ao eclodir?","Larva rabditoide (L1)."
"Helmintologia::Ancilostomídeos","Ancilostomídeos","4. Ciclo Biológico","Forma","Aula","2044","ANCILOSTOMIDEOS.md § Slide 8","que possui esôfago com bulbo","Ancilostomídeos — larva rabditoide (L1): como é o esôfago?","Com bulbo."
"Helmintologia::Ancilostomídeos","Ancilostomídeos","4. Ciclo Biológico","Definição","Aula","2045","ANCILOSTOMIDEOS.md § Slide 8","alimentando-se de bactérias e detritos orgânicos no solo","Ancilostomídeos — larva rabditoide (L1): de que se alimenta?","De bactérias e detritos."
"Helmintologia::Ancilostomídeos","Ancilostomídeos","4. Ciclo Biológico","Evolução","Aula","2046","ANCILOSTOMIDEOS.md § Slide 8","Ela sofre muda para larva rhabditiforme L2.","Ancilostomídeos — larva rabditoide L1: muda para que larva?","L2."
"Helmintologia::Ancilostomídeos","Ancilostomídeos","4. Ciclo Biológico","Tempo","Aula","2047","ANCILOSTOMIDEOS.md § Slide 8","Em cerca de 5 a 10 dias, as larvas rhabditiformes sofrem mudas cuticulares e se transformam em **larvas filariformes (L3) infectantes**","Ancilostomídeos: em quanto tempo a larva rabditoide vira filarioide infectante (L3)?","Em cerca de 5 a 10 dias."
"Helmintologia::Ancilostomídeos","Ancilostomídeos","4. Ciclo Biológico","Forma","Aula","2048","ANCILOSTOMIDEOS.md § Slide 8","possuem esôfago cilíndrico (sem bulbo evidente)","Ancilostomídeos — larva filarioide (L3): tem bulbo esofágico?","Não."
"Helmintologia::Ancilostomídeos","Ancilostomídeos","4. Ciclo Biológico","Local","Aula","2049","ANCILOSTOMIDEOS.md § Slide 8","permanecem móveis e viáveis nas camadas úmidas do solo e vegetação","Ancilostomídeos — larva filarioide (L3): onde permanece móvel?","No solo e na vegetação úmidos."
"Helmintologia::Ancilostomídeos","Ancilostomídeos","4. Ciclo Biológico","Definição","Aula","2050","ANCILOSTOMIDEOS.md § Slide 8","não se alimentam (vivem de reservas corporais)","Ancilostomídeos — larva filarioide (L3): se alimenta?","Não; vive de reservas corporais."
"Helmintologia::Ancilostomídeos","Ancilostomídeos","4. Ciclo Biológico","Local","Aula","2051","ANCILOSTOMIDEOS.md § Slide 8","as larvas L3 penetram ativamente através dos poros, folículos pilosos ou microfissuras da epiderme","Ancilostomídeos — L3: por onde penetra a pele?","Poros, folículos pilosos ou microfissuras da epiderme."
"Helmintologia::Ancilostomídeos","Ancilostomídeos","4. Ciclo Biológico","Local","Aula","2052","ANCILOSTOMIDEOS.md § Slide 8","as larvas penetram nos capilares sanguíneos ou linfáticos","Ancilostomídeos — L3, depois de atravessar a pele: em que vasos entra?","Capilares sanguíneos ou linfáticos."
"Helmintologia::Ancilostomídeos","Ancilostomídeos","4. Ciclo Biológico","Sequência","Aula","2053","ANCILOSTOMIDEOS.md § Slide 8","são carreadas pela corrente circulatória venosa sistemática","Ancilostomídeos — L3 nos capilares: por que circulação é levada até o coração direito?","Pela circulação venosa sistêmica."
"Helmintologia::Ancilostomídeos","Ancilostomídeos","4. Ciclo Biológico","Sequência","Aula","2054","ANCILOSTOMIDEOS.md § Slide 8","Passam pelo coração direito e chegam aos vasos capilares dos **pulmões**.","Ancilostomídeos — L3 na circulação: por onde passa até os pulmões?","Pelo coração direito, até os capilares pulmonares."
"Helmintologia::Ancilostomídeos","Ancilostomídeos","4. Ciclo Biológico","Sequência","Aula","2055","ANCILOSTOMIDEOS.md § Slide 8","Elas migram ativamente subindo pelos bronquíolos, brônquios e **traqueia** até a laringe e faringe","Ancilostomídeos — larvas nos pulmões: por onde sobem até a laringe e a faringe?","Bronquíolos, brônquios e traqueia."
"Helmintologia::Ancilostomídeos","Ancilostomídeos","4. Ciclo Biológico","Sinal/sintoma","Aula","2056","ANCILOSTOMIDEOS.md § Slide 8","onde provocam reflexo de tosse e coceira","Ancilostomídeos — larvas na laringe e na faringe: que reflexo provocam?","Tosse."
"Helmintologia::Ancilostomídeos","Ancilostomídeos","4. Ciclo Biológico","Sequência","Aula","2057","ANCILOSTOMIDEOS.md § Slide 8","sendo deglutidas (engolidas)","Ancilostomídeos — larvas que chegam à laringe e à faringe: o que acontece com elas em seguida?","São deglutidas."
"Helmintologia::Ancilostomídeos","Ancilostomídeos","4. Ciclo Biológico","Mecanismo","Aula","2058","ANCILOSTOMIDEOS.md § Slide 8","Elas se fixam à mucosa intestinal utilizando sua cavidade bucal armada (com dentes ou lâminas)","Ancilostomídeos — no intestino: com que se fixam à mucosa?","Com a cavidade bucal armada (dentes ou lâminas)."
"Helmintologia::Ancilostomídeos","Ancilostomídeos","4. Ciclo Biológico","Definição","Aula","2059","ANCILOSTOMIDEOS.md § Slide 8","As fêmeas fertilizadas iniciam a ovoposição diária","Ancilostomídeos — fêmeas fertilizadas no intestino: o que iniciam?","A ovoposição diária."
"Helmintologia::Ancilostomídeos","Ancilostomídeos","4. Ciclo Biológico","Definição","Aula","2060","ANCILOSTOMIDEOS.md § Slide 8","Ancylostoma spp. larvae can become developmentally arrested and dormant in tissues.","Ancylostoma spp. — larvas: o que podem fazer nos tecidos?","Parar o desenvolvimento e ficar dormentes."
"Helmintologia::Ancilostomídeos","Ancilostomídeos","4. Ciclo Biológico","Local","Aula","2061","ANCILOSTOMIDEOS.md § Slide 8","Re-activated larvae may enter the small intestine.","Ancylostoma spp. — larvas dormentes reativadas: para onde vão?","Para o intestino delgado."
"Helmintologia::Ancilostomídeos","Ancilostomídeos","4. Ciclo Biológico","Tempo","Aula","2062","ANCILOSTOMIDEOS.md § Slide 8","o período pré-patente é de **30-40 dias**","Ancilostomídeos: qual é o período pré-patente?","30 a 40 dias."
"Helmintologia::Ancilostomídeos","Ancilostomídeos","5. Transmissão","Mecanismo","Aula","2063","ANCILOSTOMIDEOS.md § Slide 9","penetração pela pele","Ancilostomíase: qual é a principal via de transmissão?","Penetração pela pele."
"Helmintologia::Ancilostomídeos","Ancilostomídeos","5. Transmissão","Relação","Aula","2064","ANCILOSTOMIDEOS.md § Slide 9","Ingestão – não migra pelo pulmão","Ancilostomídeos — infecção por ingestão: a larva migra pelo pulmão?","Não."
"Helmintologia::Ancilostomídeos","Ancilostomídeos","6. Fatores de Risco","Número","Aula","2065","ANCILOSTOMIDEOS.md § Slide 1","Mais de 1 bilhão de pessoas infec.","Ancilostomíase: quantas pessoas infectadas no mundo, pela aula?","Mais de 1 bilhão."
"Helmintologia::Ancilostomídeos","Ancilostomídeos","6. Fatores de Risco","Número","Aula","2066","ANCILOSTOMIDEOS.md § Slide 1","(94 milhões casos China)","Ancilostomíase: quantos casos na China, pela aula?","94 milhões."
"Helmintologia::Ancilostomídeos","Ancilostomídeos","6. Fatores de Risco","Local","Aula","2067","ANCILOSTOMIDEOS.md § Slide 6","bacia do mar Mediterrâneo (sul da Europa e norte da África), norte da Índia, China e Japão","Ancylostoma duodenale: onde se concentra?","Bacia do Mediterrâneo, norte da Índia, China e Japão."
"Helmintologia::Ancilostomídeos","Ancilostomídeos","6. Fatores de Risco","Local","Aula","2068","ANCILOSTOMIDEOS.md § Slide 6","além de focos menores na África subsaariana e um ponto específico na América do Sul na divisa entre Argentina e Paraguai","Ancylostoma duodenale: que focos tem fora da área principal?","África subsaariana e divisa Argentina–Paraguai."
"Helmintologia::Ancilostomídeos","Ancilostomídeos","6. Fatores de Risco","Local","Aula","2069","ANCILOSTOMIDEOS.md § Slide 7","a distribuição de *N. americanus* é amplamente tropical e subtropical","Necator americanus: como é a distribuição geográfica?","Amplamente tropical e subtropical."
"Helmintologia::Ancilostomídeos","Ancilostomídeos","6. Fatores de Risco","Local","Aula","2070","ANCILOSTOMIDEOS.md § Slide 7","América do Sul (incluindo todo o Brasil)**, América Central, sul dos Estados Unidos","Necator americanus: em que partes das Américas ocorre?","América do Sul (todo o Brasil), América Central e sul dos EUA."
"Helmintologia::Ancilostomídeos","Ancilostomídeos","6. Fatores de Risco","Local","Aula","2071","ANCILOSTOMIDEOS.md § Slide 7","faixa central e meridional da África subsaariana, sul da Ásia (Índia e Sudeste Asiático) e norte da Austrália","Necator americanus: onde ocorre fora das Américas?","África subsaariana central e meridional, sul da Ásia e norte da Austrália."
"Helmintologia::Ancilostomídeos","Ancilostomídeos","6. Fatores de Risco","Local","Aula","2072","ANCILOSTOMIDEOS.md § Slide 18","Distribuição Geográfica ampla","Ancilostomídeos: como é a distribuição geográfica?","Ampla."
"Helmintologia::Ancilostomídeos","Ancilostomídeos","6. Fatores de Risco","Local","Aula","2073","ANCILOSTOMIDEOS.md § Slide 7","América do Sul (incluindo todo o Brasil)","Necator americanus: ocorre no Brasil?","Sim (América do Sul, incluindo o Brasil)."
"Helmintologia::Ancilostomídeos","Ancilostomídeos","6. Fatores de Risco","Definição","Aula","2074","ANCILOSTOMIDEOS.md § Slide 18 || ANCILOSTOMIDEOS.md § Slide 18","Países tropicais || clima quente e úmido","Ancilostomíase: que clima favorece a transmissão?","Tropical, quente e úmido."
"Helmintologia::Ancilostomídeos","Ancilostomídeos","6. Fatores de Risco","Definição","Aula","2075","ANCILOSTOMIDEOS.md § Slide 18","higiene precária","Ancilostomíase: que condição de higiene favorece a transmissão?","Higiene precária."
"Helmintologia::Ancilostomídeos","Ancilostomídeos","6. Fatores de Risco","Definição","Aula","2076","ANCILOSTOMIDEOS.md § Slide 18 || ANCILOSTOMIDEOS.md § Slide 18","Trabalhadores rurais || andar descalço","Ancilostomíase: que trabalhadores a ficha põe entre os fatores que favorecem a transmissão?","Trabalhadores rurais que andam descalços."
"Helmintologia::Ancilostomídeos","Ancilostomídeos","7. Patogenia","Definição","Aula","2077","ANCILOSTOMIDEOS.md § Slide 10","Reação de hipersensibilidade tipo I","Ancilostomídeos — penetração na pele: que tipo de reação de hipersensibilidade desencadeia?","Hipersensibilidade tipo I."
"Helmintologia::Ancilostomídeos","Ancilostomídeos","7. Patogenia","Sequência","Aula","2078","ANCILOSTOMIDEOS.md § Slide 10","`CÉLULA TH2`), secretando interleucina 4 (`IL-4`)","Ancilostomídeos — hipersensibilidade tipo I: que citocina a célula TH2 secreta?","IL-4."
"Helmintologia::Ancilostomídeos","Ancilostomídeos","7. Patogenia","Sequência","Aula","2079","ANCILOSTOMIDEOS.md § Slide 10","A célula T se diferencia em linfócito T helper tipo 2 (`CÉLULA TH2`)","Ancilostomídeos — hipersensibilidade tipo I: em que célula se diferencia o linfócito T CD4+?","Célula TH2."
"Helmintologia::Ancilostomídeos","Ancilostomídeos","7. Patogenia","Sequência","Aula","2080","ANCILOSTOMIDEOS.md § Slide 10","O antígeno/alérgeno larvário (`ALÉRGENO`) é fagocitado e processado por uma Célula Apresentadora de Antígenos","Ancilostomídeos — hipersensibilidade tipo I: que célula processa o alérgeno larvário?","A célula apresentadora de antígeno (APC)."
"Helmintologia::Ancilostomídeos","Ancilostomídeos","7. Patogenia","Sequência","Aula","2081","ANCILOSTOMIDEOS.md § Slide 10","A APC apresenta o antígeno via MHC ao linfócito T auxiliar virgem (`CÉLULA CD4+`).","Ancilostomídeos — hipersensibilidade tipo I: que linfócito a APC ativa?","O linfócito T CD4+."
"Helmintologia::Ancilostomídeos","Ancilostomídeos","7. Patogenia","Sequência","Aula","2082","ANCILOSTOMIDEOS.md § Slide 10","A liberação de IL-4 estimula o linfócito B (`CÉLULA B`) a se diferenciar em plasmócito","Ancilostomídeos — hipersensibilidade tipo I: em que a IL-4 faz o linfócito B se diferenciar?","Em plasmócito."
"Helmintologia::Ancilostomídeos","Ancilostomídeos","7. Patogenia","Local","Aula","2083","ANCILOSTOMIDEOS.md § Slide 10","Os anticorpos IgE ligam-se fortemente a receptores de alta afinidade presentes na membrana de mastócitos teciduais","Ancilostomídeos — hipersensibilidade tipo I: onde a IgE se fixa?","Em mastócitos."
"Helmintologia::Ancilostomídeos","Ancilostomídeos","7. Patogenia","Sequência","Aula","2084","ANCILOSTOMIDEOS.md § Slide 10","o antígeno se liga às moléculas de IgE ancoradas na superfície do mastócito","Ancilostomídeos — hipersensibilidade tipo I, segunda exposição: a que o antígeno se liga?","À IgE fixada no mastócito."
"Helmintologia::Ancilostomídeos","Ancilostomídeos","7. Patogenia","Sequência","Aula","2085","ANCILOSTOMIDEOS.md § Slide 10","Ocorre a degranulação do mastócito","Ancilostomídeos — hipersensibilidade tipo I, segunda exposição: o que acontece com o mastócito?","Degranula."
"Helmintologia::Ancilostomídeos","Ancilostomídeos","7. Patogenia","Definição","Aula","2086","ANCILOSTOMIDEOS.md § Slide 10","Secreção de mediadores químicos armazenados nos grânulos dos mastócitos;","Ancilostomídeos — hipersensibilidade tipo I: o que o mastócito secreta?","Mediadores químicos armazenados nos grânulos."
"Helmintologia::Ancilostomídeos","Ancilostomídeos","7. Patogenia","Lista","Aula","2087","ANCILOSTOMIDEOS.md § Slide 10","Síntese de prostaglandinas, leucotrienose e citocinas;","Ancilostomídeos — hipersensibilidade tipo I: o que é sintetizado?","Prostaglandinas, leucotrienos e citocinas."
"Helmintologia::Ancilostomídeos","Ancilostomídeos","7. Patogenia","Relação","Aula","2088","ANCILOSTOMIDEOS.md § Slide 10","As consequências da ativação dos mastócitos, mediada por IgE, dependem da dose do antígeno e da via de entrada.","Ancilostomídeos — hipersensibilidade tipo I: de que dependem as consequências?","Da dose do antígeno e da via de entrada."
"Helmintologia::Ancilostomídeos","Ancilostomídeos","7. Patogenia","Definição","Aula","2089","ANCILOSTOMIDEOS.md § Slide 10","anticorpos específicos da classe Imunoglobulina E (`IgE`)","Ancilostomídeos — hipersensibilidade tipo I: que anticorpo o plasmócito produz?","IgE."
"Helmintologia::Ancilostomídeos","Ancilostomídeos","7. Patogenia","Tempo","Aula","2090","ANCILOSTOMIDEOS.md § Slide 10","5-30 min após a exposição ao alérgeno","Ancilostomídeos — hipersensibilidade tipo I: em quanto tempo após a exposição ocorre a reação?","5 a 30 minutos."
"Helmintologia::Ancilostomídeos","Ancilostomídeos","7. Patogenia","Lista","Aula","2091","ANCILOSTOMIDEOS.md § Slide 10","Vasodilatação, aumento da permeabilidade capilar, espasmo das células musculares lisas e secreção glandular;","Ancilostomídeos — hipersensibilidade tipo I: que efeitos os mediadores dos mastócitos causam?","Vasodilatação, aumento da permeabilidade capilar, espasmo da musculatura lisa e secreção glandular."
"Helmintologia::Ancilostomídeos","Ancilostomídeos","7. Patogenia","Sinal/sintoma","Aula","2092","ANCILOSTOMIDEOS.md § Slide 11","eritema, pápulas, vesículas","Ancilostomídeos — larvas na pele: que lesões iniciais causam?","Eritema, pápulas e vesículas."
"Helmintologia::Ancilostomídeos","Ancilostomídeos","7. Patogenia","Sinal/sintoma","Aula","2093","ANCILOSTOMIDEOS.md § Slide 11","infecção secundária - pústulas","Ancilostomídeos — lesões de pele com infecção secundária: que lesão aparece?","Pústulas."
"Helmintologia::Ancilostomídeos","Ancilostomídeos","7. Patogenia","Sinal/sintoma","Aula","2094","ANCILOSTOMIDEOS.md § Slide 11","pequenas hemorragias, inflamação","Ancilostomídeos — pulmão, forma leve: o que ocorre?","Pequenas hemorragias e inflamação."
"Helmintologia::Ancilostomídeos","Ancilostomídeos","7. Patogenia","Definição","Aula","2095","ANCILOSTOMIDEOS.md § Slide 11","Síndrome de 'Löeffler'","Ancilostomídeos — pulmão, forma maciça: que síndrome ocorre?","Síndrome de Löffler (grafada “Löeffler” no slide)."
"Helmintologia::Ancilostomídeos","Ancilostomídeos","7. Patogenia","Local","Aula","2096","ANCILOSTOMIDEOS.md § Slide 12","Aparelho bucal modificado para se fixar na mucosa e submucosa","Ancilostomídeos adultos: em que camadas do intestino se fixam?","Mucosa e submucosa."
"Helmintologia::Ancilostomídeos","Ancilostomídeos","7. Patogenia","Mecanismo","Aula","2097","ANCILOSTOMIDEOS.md § Slide 12","Liberação de peptídeos ativos que inibem a resposta inflamatória, bloqueiam a coagulação sanguínea, impedem a agregação plaquetária, degradam componentes do tecido conjuntivo do hospedeiro","Ancilostomídeos adultos: que ações têm os peptídeos que liberam?","Inibem a inflamação, bloqueiam a coagulação, impedem a agregação plaquetária e degradam o tecido conjuntivo."
"Helmintologia::Ancilostomídeos","Ancilostomídeos","7. Patogenia","Mecanismo","Aula","2098","ANCILOSTOMIDEOS.md § Slide 12","Sucção e hemorragia","Ancilostomídeos adultos: como causam a perda de sangue?","Por sucção e hemorragia."
"Helmintologia::Ancilostomídeos","Ancilostomídeos","7. Patogenia","Local","Aula","2099","ANCILOSTOMIDEOS.md § Slide 12","Perda de sangue contínua dos capilares e arteríolas","Ancilostomídeos adultos: de que vasos vem a perda contínua de sangue?","De capilares e arteríolas."
"Helmintologia::Ancilostomídeos","Ancilostomídeos","7. Patogenia","Classificação","Aula","2100","ANCILOSTOMIDEOS.md § Slide 13","Anemia – Ferropriva - Microcítica hipocrômica","Ancilostomíase: que tipo de anemia causa?","Ferropriva, microcítica e hipocrômica."
"Helmintologia::Ancilostomídeos","Ancilostomídeos","7. Patogenia","Lista","Aula","2101","ANCILOSTOMIDEOS.md § Slide 13 || ANCILOSTOMIDEOS.md § Slide 13 || ANCILOSTOMIDEOS.md § Slide 13","1. Conteúdo de ferro na alimentação || 2. Estado das reservas de ferro || 3. Intensidade e duração da infecção","Ancilostomíase — anemia: de que três fatores depende?","Ferro da alimentação, reservas de ferro e intensidade/duração da infecção."
"Helmintologia::Ancilostomídeos","Ancilostomídeos","7. Patogenia","Mecanismo","Aula","2102","ANCILOSTOMIDEOS.md § Slide 13","Hipoalbuminemia - perda proteica e baixa síntese hepática","Ancilostomíase: por que ocorre hipoalbuminemia?","Por perda proteica e baixa síntese hepática."
"Helmintologia::Ancilostomídeos","Ancilostomídeos","8. Manifestações Clínicas","Sinal/sintoma","Aula","2103","ANCILOSTOMIDEOS.md § Slide 14 || ANCILOSTOMIDEOS.md § Slide 14","Infecções leves || assintomáticas","Ancilostomíase leve: costuma dar sintomas?","Não; costuma ser assintomática."
"Helmintologia::Ancilostomídeos","Ancilostomídeos","8. Manifestações Clínicas","Sinal/sintoma","Aula","2104","ANCILOSTOMIDEOS.md § Slide 14","Dermatite pruriginosa - espaços interdigitais","Ancilostomíase — pele: que lesão aparece nos espaços interdigitais?","Dermatite pruriginosa."
"Helmintologia::Ancilostomídeos","Ancilostomídeos","8. Manifestações Clínicas","Definição","Aula","2105","ANCILOSTOMIDEOS.md § Slide 14","conhecida popularmente como coceira de terra ou sarna da terra","Ancilostomíase — dermatite pruriginosa interdigital: como é conhecida popularmente?","Coceira de terra ou sarna da terra."
"Helmintologia::Ancilostomídeos","Ancilostomídeos","8. Manifestações Clínicas","Sinal/sintoma","Aula","2106","ANCILOSTOMIDEOS.md § Slide 14","inespecíficas - gripe à broncopneumonia","Ancilostomíase — manifestações respiratórias: como são?","Inespecíficas, de gripe a broncopneumonia."
"Helmintologia::Ancilostomídeos","Ancilostomídeos","8. Manifestações Clínicas","Sinal/sintoma","Aula","2107","ANCILOSTOMIDEOS.md § Slide 14","dor epigástrica, náuseas e diarreia","Ancilostomíase — manifestações intestinais de pouca intensidade: quais são?","Dor epigástrica, náuseas e diarreia."
"Helmintologia::Ancilostomídeos","Ancilostomídeos","8. Manifestações Clínicas","Sinal/sintoma","Aula","2108","ANCILOSTOMIDEOS.md § Slide 14","Forma leve: debilidade física e palidez","Ancilostomíase — anemia leve: que sinais dá?","Debilidade física e palidez."
"Helmintologia::Ancilostomídeos","Ancilostomídeos","8. Manifestações Clínicas","Sinal/sintoma","Aula","2109","ANCILOSTOMIDEOS.md § Slide 14","Forma intensa: dispneia de grandes esforços e cansaço","Ancilostomíase — anemia intensa: que sinais dá?","Dispneia de esforço e cansaço."
"Helmintologia::Ancilostomídeos","Ancilostomídeos","8. Manifestações Clínicas","Mecanismo","Aula","2110","ANCILOSTOMIDEOS.md § Slide 15 || ANCILOSTOMIDEOS.md § Slide 15","Ferro é essencial para a biossíntese de neurônios dopaminérgicos || déficit de atenção e de desenvolvimento intelectual.","Ancilostomíase em crianças: por que a falta de ferro afeta atenção e intelecto?","O ferro é essencial para a biossíntese de neurônios dopaminérgicos."
"Helmintologia::Ancilostomídeos","Ancilostomídeos","8. Manifestações Clínicas","Lista","Aula","2111","ANCILOSTOMIDEOS.md § Slide 15","retardo no desenvolvimento mental e físico, atraso no desenvolvimento sexual e alterações de comportamento","Ancilostomíase em crianças: que atrasos a carência de ferro causa?","Retardo mental e físico, atraso sexual e alterações de comportamento."
"Helmintologia::Ancilostomídeos","Ancilostomídeos","8. Manifestações Clínicas","Definição","Aula","2112","ANCILOSTOMIDEOS.md § Slide 16","às vezes geofagia","Ancilostomíase avançada: que hábito alimentar pode surgir?","Geofagia (comer terra)."
"Helmintologia::Ancilostomídeos","Ancilostomídeos","8. Manifestações Clínicas","Sinal/sintoma","Aula","2113","ANCILOSTOMIDEOS.md § Slide 16","palpitações, dispneia","Ancilostomíase avançada: que sintomas cardiorrespiratórios aparecem?","Palpitações e dispneia."
"Helmintologia::Ancilostomídeos","Ancilostomídeos","8. Manifestações Clínicas","Sinal/sintoma","Aula","2114","ANCILOSTOMIDEOS.md § Slide 16","diarreia sanguinolenta","Ancilostomíase avançada: como pode ser a diarreia?","Sanguinolenta."
"Helmintologia::Ancilostomídeos","Ancilostomídeos","8. Manifestações Clínicas","Sinal/sintoma","Aula","2115","ANCILOSTOMIDEOS.md § Slide 16","debilidade geral, perda das forças","Ancilostomíase avançada: que sintomas de fraqueza aparecem?","Debilidade geral e perda das forças."
"Helmintologia::Ancilostomídeos","Ancilostomídeos","8. Manifestações Clínicas","Sinal/sintoma","Aula","2116","ANCILOSTOMIDEOS.md § Slide 16","cefaleia, parestesia","Ancilostomíase avançada: que sintomas neurológicos aparecem?","Cefaleia e parestesia."
"Helmintologia::Ancilostomídeos","Ancilostomídeos","8. Manifestações Clínicas","Sinal/sintoma","Aula","2117","ANCILOSTOMIDEOS.md § Slide 16 || ANCILOSTOMIDEOS.md § Slide 16","anorexia || diminuição do apetite","Ancilostomíase avançada: que alterações do apetite aparecem?","Anorexia e diminuição do apetite."
"Helmintologia::Ancilostomídeos","Ancilostomídeos","8. Manifestações Clínicas","Sinal/sintoma","Aula","2118","ANCILOSTOMIDEOS.md § Slide 16","desnutrição","Ancilostomíase avançada: que alteração do estado nutricional aparece?","Desnutrição."
"Helmintologia::Ancilostomídeos","Ancilostomídeos","8. Manifestações Clínicas","Sinal/sintoma","Aula","2119","ANCILOSTOMIDEOS.md § Slide 16 || ANCILOSTOMIDEOS.md § Slide 16","dor epigástrica || cólica","Ancilostomíase avançada: que dores abdominais aparecem?","Dor epigástrica e cólica."
"Helmintologia::Ancilostomídeos","Ancilostomídeos","8. Manifestações Clínicas","Sinal/sintoma","Aula","2120","ANCILOSTOMIDEOS.md § Slide 16","indigestão","Ancilostomíase avançada: que alteração da digestão aparece?","Indigestão."
"Helmintologia::Ancilostomídeos","Ancilostomídeos","8. Manifestações Clínicas","Sinal/sintoma","Aula","2121","ANCILOSTOMIDEOS.md § Slide 16","náuseas, vômitos","Ancilostomíase avançada: além da dor epigástrica e da indigestão, que queixas gástricas aparecem?","Náuseas e vômitos."
"Helmintologia::Ancilostomídeos","Ancilostomídeos","8. Manifestações Clínicas","Sinal/sintoma","Aula","2122","ANCILOSTOMIDEOS.md § Slide 16 || ANCILOSTOMIDEOS.md § Slide 16","flatulência || constipação","Ancilostomíase avançada: além da diarreia sanguinolenta, que alterações intestinais aparecem?","Flatulência e constipação."
"Helmintologia::Ancilostomídeos","Ancilostomídeos","8. Manifestações Clínicas","Sinal/sintoma","Aula","2123","ANCILOSTOMIDEOS.md § Slide 16","indisposição","Ancilostomíase avançada: além de debilidade e perda das forças, que sintoma de mal-estar aparece?","Indisposição."
"Helmintologia::Ancilostomídeos","Ancilostomídeos","8. Manifestações Clínicas","Sinal/sintoma","Aula","2124","ANCILOSTOMIDEOS.md § Slide 16","No exame físico, às vezes se encontra intensa palidez e edema de extremidades","Ancilostomíase — exame físico: o que às vezes se encontra?","Palidez intensa e edema de extremidades."
"Helmintologia::Ancilostomídeos","Ancilostomídeos","8. Manifestações Clínicas","Mecanismo","Aula","2125","ANCILOSTOMIDEOS.md § Slide 16","edema de extremidades` (causado pela hipoalbuminemia)","Ancilostomíase: qual é a causa do edema de extremidades?","A hipoalbuminemia."
"Helmintologia::Ancilostomídeos","Ancilostomídeos","9. Diagnóstico","Relação","Aula","2126","ANCILOSTOMIDEOS.md § Slide 17","Laboratorial: ovos idênticos","Ancylostoma e Necator: os ovos podem ser diferenciados no exame?","Não; são idênticos."
"Helmintologia::Ancilostomídeos","Ancilostomídeos","9. Diagnóstico","Definição","Aula","2127","ANCILOSTOMIDEOS.md § Slide 17 || ANCILOSTOMIDEOS.md § Slide 17","Clínico || Laboratorial: ovos idênticos","Ancilostomíase: o diagnóstico é clínico, laboratorial ou os dois?","Clínico e laboratorial."
"Helmintologia::Ancilostomídeos","Ancilostomídeos","9. Diagnóstico","Mecanismo","Aula","2128","ANCILOSTOMIDEOS.md § Slide 17","caso as fezes permaneçam retidas, os ovos podem eclodir ainda no lúmen intestinal gerando larvas rhabditiformes","Ancilostomídeos — fezes retidas: o que os ovos podem fazer?","Eclodir ainda no lúmen intestinal, gerando larvas rabditoides."
"Helmintologia::Ancilostomídeos","Ancilostomídeos","9. Diagnóstico","Lista","Aula","2129","ANCILOSTOMIDEOS.md § Slide 17 || ANCILOSTOMIDEOS.md § Slide 17","HPJ - Formol - éter (Ritchie) - Faust - Sheather || Kato-katz","Ancilostomíase: que métodos de exame de fezes a aula cita?","HPJ-Formol-éter (Ritchie), Faust, Sheather e Kato-Katz."
"Helmintologia::Ancilostomídeos","Ancilostomídeos","9. Diagnóstico","Número","Aula","2130","ANCILOSTOMIDEOS.md § Slide 17 || ANCILOSTOMIDEOS.md § Slide 17","OPG < 2.000 || infecção leve","Ancilostomíase — Kato-Katz: que OPG corresponde à infecção leve?","Menos de 2.000 OPG."
"Helmintologia::Ancilostomídeos","Ancilostomídeos","9. Diagnóstico","Número","Aula","2131","ANCILOSTOMIDEOS.md § Slide 17 || ANCILOSTOMIDEOS.md § Slide 17","infecção leve || correspondendo a cerca de 1 parasito","Ancilostomíase — Kato-Katz, infecção leve: a quantos vermes corresponde?","Cerca de 1."
"Helmintologia::Ancilostomídeos","Ancilostomídeos","9. Diagnóstico","Número","Aula","2132","ANCILOSTOMIDEOS.md § Slide 17 || ANCILOSTOMIDEOS.md § Slide 17","OPG 2.000 - 5.000 || infecção média","Ancilostomíase — Kato-Katz: que OPG corresponde à infecção média?","2.000 a 5.000 OPG."
"Helmintologia::Ancilostomídeos","Ancilostomídeos","9. Diagnóstico","Número","Aula","2133","ANCILOSTOMIDEOS.md § Slide 17 || ANCILOSTOMIDEOS.md § Slide 17","OPG > 5.000 || infecção intensa","Ancilostomíase — Kato-Katz: que OPG corresponde à infecção intensa?","Mais de 5.000 OPG."
"Helmintologia::Ancilostomídeos","Ancilostomídeos","9. Diagnóstico","Relação","Aula","2134","ANCILOSTOMIDEOS.md § Slide 17 || ANCILOSTOMIDEOS.md § Slide 17","Larvas L1 nas fezes – trato intestinal lento ou constipação || necessário diferenciação de Strongyloides","Ancilostomíase — larvas L1 nas fezes (trânsito lento ou constipação): de que agente é preciso diferenciar?","De Strongyloides."
"Helmintologia::Ancilostomídeos","Ancilostomídeos","10. Tratamento","Lista","Aula","2135","ANCILOSTOMIDEOS.md § Slide 18","Benzimidazóis - Mebendazol - Albendazol - Tiabendazol","Ancilostomíase: que benzimidazóis a aula cita no tratamento?","Mebendazol, albendazol e tiabendazol."
"Helmintologia::Ancilostomídeos","Ancilostomídeos","10. Tratamento","Definição","Aula","2136","ANCILOSTOMIDEOS.md § Slide 18","Suplementação alimentar de Fe e proteínas","Ancilostomíase: que suplementação acompanha o tratamento?","Ferro e proteínas."
"Helmintologia::Ancilostomídeos","Ancilostomídeos","11. Profilaxia","Lista","Aula","2137","ANCILOSTOMIDEOS.md § Slide 18 || ANCILOSTOMIDEOS.md § Slide 18","Engenharia sanitária || saneamento básico e educação sanitária","Ancilostomíase — profilaxia: que medidas de engenharia sanitária a aula cita?","Saneamento básico e educação sanitária."
"Helmintologia::Ancilostomídeos","Ancilostomídeos","11. Profilaxia","Definição","Aula","2138","ANCILOSTOMIDEOS.md § Slide 18 || ANCILOSTOMIDEOS.md § Slide 18","EPIDEMIOLOGIA E PREVENÇÃO || Suplementação alimentar de Fe e proteínas","Ancilostomíase — profilaxia: que suplementação alimentar a ficha indica?","Ferro e proteínas."
"Helmintologia::Trichuris trichiura","Trichuris trichiura","1. Agente","Definição","Aula","3001","TRICHURIS.md § Slide 2","Espécies de interesse médico: Trichuris trichiura","Trichuris e tricuríase, na aula: qual é a espécie de interesse médico?","Trichuris trichiura."
"Helmintologia::Trichuris trichiura","Trichuris trichiura","1. Agente","Definição","MS — Guia de Vigilância em Saúde","3002","TRICHURIS-fontes-oficiais.md § TRI-03","Trichuris trichiura – verme chicote","Trichuris trichiura: qual é o nome popular?","Verme chicote."
"Helmintologia::Trichuris trichiura","Trichuris trichiura","1. Agente","Definição","CDC","3003","TRICHURIS-fontes-oficiais.md § TRI-10","also called the human whipworm","Trichuris trichiura: qual é o nome em inglês?","Whipworm."
"Helmintologia::Trichuris trichiura","Trichuris trichiura","1. Agente","Número","MS — Guia de Vigilância em Saúde","3004","TRICHURIS-fontes-oficiais.md § TRI-01","B79 – trichuríase","Tricuríase: qual é o código na CID-10?","B79."
"Helmintologia::Trichuris trichiura","Trichuris trichiura","1. Agente","Definição","Aula","3005","TRICHURIS.md § Slide 2","Geohelminto de transmissão semelhante ao Ascaris","Trichuris trichiura: a que grupo de helmintos a aula o liga?","Aos geo-helmintos."
"Helmintologia::Trichuris trichiura","Trichuris trichiura","2. Classificação","Classificação","Aula","3006","TRICHURIS.md § Slide 2","Ordem: Trichineliida","Trichuris trichiura: a que ordem pertence (grafia do slide)?","Trichineliida."
"Helmintologia::Trichuris trichiura","Trichuris trichiura","2. Classificação","Classificação","Aula","3007","TRICHURIS.md § Slide 2","Família: Trichuridae","Trichuris trichiura: a que família pertence?","Trichuridae."
"Helmintologia::Trichuris trichiura","Trichuris trichiura","2. Classificação","Número","MS — Guia de Vigilância em Saúde","3008","TRICHURIS-fontes-oficiais.md § TRI-12","É um verme de pequeno porte (3 cm a 5 cm)","Trichuris trichiura: quanto mede o verme adulto?","3 a 5 cm (pequeno porte)."
"Helmintologia::Trichuris trichiura","Trichuris trichiura","3. Morfologia","Forma","MS — Guia de Vigilância em Saúde","3009","TRICHURIS-fontes-oficiais.md § TRI-12","com corpo afilado na extremidade anterior e espesso na posterior, o que lhe confere aspecto de “chicote”","Trichuris trichiura: que forma do corpo dá o aspecto de chicote?","Afilado na extremidade anterior e espesso na posterior."
"Helmintologia::Trichuris trichiura","Trichuris trichiura","3. Morfologia","Forma","CDC","3010","TRICHURIS-fontes-oficiais.md § TRI-16","with a coiled posterior end","Trichuris trichiura — macho: como é a extremidade posterior?","Enrolada."
"Helmintologia::Trichuris trichiura","Trichuris trichiura","3. Morfologia","Forma","CDC","3011","TRICHURIS-fontes-oficiais.md § TRI-16","Adult females are 35-50 millimeters with a straight posterior end.","Trichuris trichiura — fêmea: como é a extremidade posterior?","Reta."
"Helmintologia::Trichuris trichiura","Trichuris trichiura","3. Morfologia","Forma","CDC","3012","TRICHURIS-fontes-oficiais.md § TRI-21","The presence of a spicule (SP) indicates the specimen is a male.","Trichuris trichiura: que estrutura indica que o verme é macho?","O espículo."
"Helmintologia::Trichuris trichiura","Trichuris trichiura","3. Morfologia","Forma","OMS","3013","TRICHURIS-fontes-oficiais.md § TRI-30","Lemon-shaped egg","Trichuris trichiura — ovo: qual é a forma?","De limão."
"Helmintologia::Trichuris trichiura","Trichuris trichiura","3. Morfologia","Forma","OMS","3014","TRICHURIS-fontes-oficiais.md § TRI-30","typical bipolar prominences (plugs)","Trichuris trichiura — ovo: que estruturas típicas tem nos polos?","Proeminências bipolares (tampões)."
"Helmintologia::Trichuris trichiura","Trichuris trichiura","3. Morfologia","Forma","OMS","3015","TRICHURIS-fontes-oficiais.md § TRI-30","yellow to brown in colour","Trichuris trichiura — ovo: qual é a cor?","Amarela a marrom."
"Helmintologia::Trichuris trichiura","Trichuris trichiura","3. Morfologia","Forma","OMS","3016","TRICHURIS-fontes-oficiais.md § TRI-30","with smooth shell","Trichuris trichiura — ovo: como é a casca?","Lisa."
"Helmintologia::Trichuris trichiura","Trichuris trichiura","3. Morfologia","Número","CDC","3017","TRICHURIS-fontes-oficiais.md § TRI-34","Trichuris trichiura eggs are 50-55 micrometers by 20-25 micrometers.","Trichuris trichiura — ovo: quanto mede?","50–55 × 20–25 µm."
"Helmintologia::Trichuris trichiura","Trichuris trichiura","3. Morfologia","Definição","CDC","3018","TRICHURIS-fontes-oficiais.md § TRI-35","The eggs are unembryonated when passed in stool.","Trichuris trichiura — ovo: sai nas fezes com ou sem embrião?","Sem embrião."
"Helmintologia::Trichuris trichiura","Trichuris trichiura","3. Morfologia","Definição","OMS","3019","TRICHURIS-fontes-oficiais.md § TRI-30","an infective egg containing the larva","Trichuris trichiura — ovo infectante: o que traz dentro?","A larva."
"Helmintologia::Trichuris trichiura","Trichuris trichiura","4. Ciclo Biológico","Local","Aula","3020","TRICHURIS.md § Slide 2","Nematodas parasitas de IG de humanos (cólon e ceco)","Trichuris trichiura: onde vive o verme adulto, segundo a aula?","No intestino grosso (cólon e ceco)."
"Helmintologia::Trichuris trichiura","Trichuris trichiura","4. Ciclo Biológico","Local","CDC","3021","TRICHURIS-fontes-oficiais.md § TRI-15","with the anterior portions threaded into the mucosa","Trichuris trichiura: como o adulto se fixa no intestino?","Com a porção anterior enfiada na mucosa."
"Helmintologia::Trichuris trichiura","Trichuris trichiura","4. Ciclo Biológico","Definição","MS — Guia de Vigilância em Saúde","3022","TRICHURIS-fontes-oficiais.md § TRI-40","Hospedeiro intermediário Não há hospedeiros intermediários","Geo-helmintos (inclui o T. trichiura): há hospedeiro intermediário na transmissão?","Não."
"Helmintologia::Trichuris trichiura","Trichuris trichiura","4. Ciclo Biológico","Definição","MS — Guia de Vigilância em Saúde","3023","TRICHURIS-fontes-oficiais.md § TRI-40","Hospedeiro definitivo O ser humano.","Geo-helmintos (inclui o T. trichiura): qual é o hospedeiro definitivo?","O ser humano."
"Helmintologia::Trichuris trichiura","Trichuris trichiura","4. Ciclo Biológico","Sequência","CDC","3024","TRICHURIS-fontes-oficiais.md § TRI-47","In the soil, the eggs develop into a 2-cell stage, an advanced cleavage stage, and then they embryonate","Trichuris trichiura — ovo no solo: por quais estágios passa até embrionar?","2 células → clivagem avançada → embrionado."
"Helmintologia::Trichuris trichiura","Trichuris trichiura","4. Ciclo Biológico","Tempo","CDC","3025","TRICHURIS-fontes-oficiais.md § TRI-47","eggs become infective in 15 to 30 days","Trichuris trichiura — ovo no solo: em quanto tempo fica infectante?","15 a 30 dias."
"Helmintologia::Trichuris trichiura","Trichuris trichiura","4. Ciclo Biológico","Local","MS — Guia Prático","3026","TRICHURIS-fontes-oficiais.md § TRI-48","No estômago ou no duodeno, os ovos eclodem e liberam as larvas","Trichuris trichiura: onde os ovos ingeridos eclodem, segundo o Guia Prático?","No estômago ou no duodeno."
"Helmintologia::Trichuris trichiura","Trichuris trichiura","4. Ciclo Biológico","Local","MS — Guia Prático","3027","TRICHURIS-fontes-oficiais.md § TRI-48","que migram até o ceco e evoluem para a forma adulta","Trichuris trichiura: para onde as larvas migram depois de eclodir?","Até o ceco, onde viram adultas."
"Helmintologia::Trichuris trichiura","Trichuris trichiura","4. Ciclo Biológico","Comparação","OMS","3028","TRICHURIS-fontes-oficiais.md § TRI-49","The larvae of T. trichiura develop from the ingested egg into the adult form of the parasite in the intestine, without migrating.","Trichuris trichiura: a larva migra pelo corpo, como a do Ascaris?","Não; vira adulta no intestino, sem migrar."
"Helmintologia::Trichuris trichiura","Trichuris trichiura","4. Ciclo Biológico","Número","MS — Guia Prático","3029","TRICHURIS-fontes-oficiais.md § TRI-48","eliminando uma média de 5.000 ovos por dia","Trichuris trichiura — fêmea: quantos ovos põe por dia, segundo o Guia Prático?","Em média, 5.000."
"Helmintologia::Trichuris trichiura","Trichuris trichiura","4. Ciclo Biológico","Tempo","CDC","3030","TRICHURIS-fontes-oficiais.md § TRI-51","The females begin to oviposit 60 to 70 days after infection.","Trichuris trichiura, pelo CDC: quantos dias após a infecção as fêmeas começam a pôr ovos (pré-patente)?","60 a 70 dias."
"Helmintologia::Trichuris trichiura","Trichuris trichiura","4. Ciclo Biológico","Tempo","Aula","3031","TRICHURIS.md § Slide 3","Pode viver no organismo por 5 até 8 anos","Trichuris trichiura: por quanto tempo pode viver no organismo, segundo a aula?","De 5 até 8 anos."
"Helmintologia::Trichuris trichiura","Trichuris trichiura","5. Transmissão","Definição","Aula","3032","TRICHURIS.md § Slide 2","Ingestão de ovos","Tricuríase: qual é a via de transmissão?","Ingestão de ovos."
"Helmintologia::Trichuris trichiura","Trichuris trichiura","5. Transmissão","Comparação","Aula","3033","TRICHURIS.md § Slide 2","Geohelminto de transmissão semelhante ao Ascaris","Tricuríase: a transmissão é semelhante à de qual outro verme, segundo a aula?","À do Ascaris."
"Helmintologia::Trichuris trichiura","Trichuris trichiura","5. Transmissão","Definição","MS — Guia Prático","3034","TRICHURIS-fontes-oficiais.md § TRI-60","por meio da ingestão de ovos embrionados","Tricuríase: o ovo ingerido precisa estar embrionado?","Sim: a infecção é pela ingestão de ovos embrionados."
"Helmintologia::Trichuris trichiura","Trichuris trichiura","5. Transmissão","Lista","MS — Guia Prático","3035","TRICHURIS-fontes-oficiais.md § TRI-60","presentes em mãos sujas, em alimentos crus mal lavados, como hortaliças, legumes e frutas, ou pela ingestão de água não tratada ou não filtrada","Tricuríase: em que veículos estão os ovos ingeridos?","Mãos sujas, alimentos crus mal lavados (hortaliças, legumes, frutas) e água não tratada ou não filtrada."
"Helmintologia::Trichuris trichiura","Trichuris trichiura","5. Transmissão","Lista","MS — Guia Prático","3036","TRICHURIS-fontes-oficiais.md § TRI-60","Hábitos inadequados de higiene como não lavar as mãos após utilizar instalações sanitárias, antes da alimentação, ou na manipulação de alimentos","Tricuríase: em que momentos não lavar as mãos leva ao contágio?","Depois de usar as instalações sanitárias, antes das refeições e ao manipular alimentos."
"Helmintologia::Trichuris trichiura","Trichuris trichiura","5. Transmissão","Definição","OMS","3037","TRICHURIS-fontes-oficiais.md § TRI-64","There is no direct person-to-person transmission, or infection from fresh faeces","Geo-helmintos (inclui o T. trichiura): há transmissão direta de pessoa a pessoa ou por fezes frescas?","Não."
"Helmintologia::Trichuris trichiura","Trichuris trichiura","5. Transmissão","Definição","OMS","3038","TRICHURIS-fontes-oficiais.md § TRI-46","A. lumbricoides, T. trichiura and hookworms do not multiply in the human host","Trichuris trichiura: o verme se multiplica no corpo humano?","Não."
"Helmintologia::Trichuris trichiura","Trichuris trichiura","5. Transmissão","Mecanismo","OMS","3039","TRICHURIS-fontes-oficiais.md § TRI-46","re-infection occurs only as a result of contact with infective stages in the environment","Tricuríase: como ocorre a reinfecção?","Só por novo contato com formas infectantes do ambiente."
"Helmintologia::Trichuris trichiura","Trichuris trichiura","6. Fatores de Risco","Número","Aula","3040","TRICHURIS.md § Slide 2","15,9 milhões de infectados no Brasil","Tricuríase: quantos infectados há no Brasil, segundo a aula?","15,9 milhões."
"Helmintologia::Trichuris trichiura","Trichuris trichiura","6. Fatores de Risco","Número","Aula","3041","TRICHURIS.md § Slide 3","Afeta 800 a 1000 milhões de pessoas","Tricuríase: quantas pessoas afeta no mundo, segundo a aula?","800 a 1.000 milhões."
"Helmintologia::Trichuris trichiura","Trichuris trichiura","6. Fatores de Risco","Local","Aula","3042","TRICHURIS.md § Slide 3","Países em desenvolvimento dos trópicos e subtrópicos","Tricuríase, na aula: em que países ocorre?","Nos países em desenvolvimento dos trópicos e subtrópicos."
"Helmintologia::Trichuris trichiura","Trichuris trichiura","6. Fatores de Risco","Local","Aula","3043","TRICHURIS.md § Slide 3","Alta prevalência na Ásia, China","Tricuríase: onde a aula aponta alta prevalência?","Na Ásia (China)."
"Helmintologia::Trichuris trichiura","Trichuris trichiura","6. Fatores de Risco","Número","MS — Guia de Vigilância em Saúde","3044","TRICHURIS-fontes-oficiais.md § TRI-76","comumente atinge os níveis mais elevados entre crianças de 5 a 14 anos","Tricuríase: em que faixa etária a prevalência e a intensidade comumente atingem os níveis mais altos?","Dos 5 aos 14 anos."
"Helmintologia::Trichuris trichiura","Trichuris trichiura","6. Fatores de Risco","Mecanismo","MS — Guia de Vigilância em Saúde","3045","TRICHURIS-fontes-oficiais.md § TRI-76","pois constituem um grupo altamente suscetível e são responsáveis pela eliminação de grande quantidade de ovos no ambiente por meio das fezes","Geo-helmintíases (inclui a tricuríase): por que os escolares têm papel importante na disseminação?","São grupo altamente suscetível e eliminam grande quantidade de ovos nas fezes."
"Helmintologia::Trichuris trichiura","Trichuris trichiura","6. Fatores de Risco","Mecanismo","MS — Guia Prático","3046","TRICHURIS-fontes-oficiais.md § TRI-79","devido ao contato mais frequente com o solo","Geo-helmintíases (inclui a tricuríase): por que as crianças têm as maiores prevalências, segundo o Guia Prático?","Pelo contato mais frequente com o solo."
"Helmintologia::Trichuris trichiura","Trichuris trichiura","6. Fatores de Risco","Comparação","OMS","3047","TRICHURIS-fontes-oficiais.md § TRI-245","These children have been shown to be more heavily infected than those who do go to school","Geo-helmintíases (inclui a tricuríase), pela OMS: quem tem infecção mais intensa — o escolar que vai à escola ou o que não vai?","O que não vai à escola."
"Helmintologia::Trichuris trichiura","Trichuris trichiura","6. Fatores de Risco","Definição","MS — Guia Prático","3048","TRICHURIS-fontes-oficiais.md § TRI-85","Os índices de infecções encontram-se mais elevados onde há saneamento básico precário e o nível do Índice de Desenvolvimento Humano (IDH) é baixo.","Geo-helmintíases (inclui a tricuríase): onde os índices de infecção são mais altos?","Onde o saneamento básico é precário e o IDH é baixo."
"Helmintologia::Trichuris trichiura","Trichuris trichiura","6. Fatores de Risco","Definição","MS — Guia de Vigilância em Saúde","3049","TRICHURIS-fontes-oficiais.md § TRI-89","Chuvas e ventos também contribuem na disseminação dos ovos","Geo-helmintos (inclui o T. trichiura): que fenômenos também disseminam os ovos, contaminando água e alimentos?","Chuvas e ventos."
"Helmintologia::Trichuris trichiura","Trichuris trichiura","6. Fatores de Risco","Definição","MS — Guia Prático","3050","TRICHURIS-fontes-oficiais.md § TRI-90","insetos como formigas e moscas no carreamento mecânico de ovos dos geo-helmintos que ficam aderidos às suas patas","Geo-helmintos (inclui o T. trichiura): que insetos carregam os ovos aderidos às patas?","Formigas e moscas."
"Helmintologia::Trichuris trichiura","Trichuris trichiura","6. Fatores de Risco","Definição","MS — Guia Prático","3051","TRICHURIS-fontes-oficiais.md § TRI-90","Aves, anfíbios e répteis podem transportar os ovos nos seus intestinos","Geo-helmintos (inclui o T. trichiura): que animais podem transportar os ovos no intestino?","Aves, anfíbios e répteis."
"Helmintologia::Trichuris trichiura","Trichuris trichiura","7. Patogenia","Relação","OMS","3052","TRICHURIS-fontes-oficiais.md § TRI-94","the greater the number of worms in the infected person, the greater will be the severity of disease","Esquistossomose e geo-helmintíases (inclui a tricuríase), pela OMS: como a quantidade de vermes se relaciona com a gravidade?","Quanto mais vermes, mais grave a doença."
"Helmintologia::Trichuris trichiura","Trichuris trichiura","7. Patogenia","Definição","OMS","3053","TRICHURIS-fontes-oficiais.md § TRI-96","Infections of heavy intensity are the major cause of morbidity.","Esquistossomose e geo-helmintíases (inclui a tricuríase), pela OMS: qual é a principal causa de morbidade?","As infecções de intensidade alta."
"Helmintologia::Trichuris trichiura","Trichuris trichiura","7. Patogenia","Definição","OMS","3054","TRICHURIS-fontes-oficiais.md § TRI-100","Most individuals will have infections of light or moderate intensity","Esquistossomose e geo-helmintíases (inclui a tricuríase), pela OMS: que intensidade de infecção tem a maioria dos infectados?","Leve ou moderada."
"Helmintologia::Trichuris trichiura","Trichuris trichiura","7. Patogenia","Definição","OMS","3055","TRICHURIS-fontes-oficiais.md § TRI-62","Heavily infected individuals suffer most of the clinical consequences and are the major source of infection for the rest of the community.","Esquistossomose e geo-helmintíases (inclui a tricuríase), pela OMS: quem é a principal fonte de infecção da comunidade?","Os muito infectados."
"Helmintologia::Trichuris trichiura","Trichuris trichiura","7. Patogenia","Sinal/sintoma","OMS","3056","TRICHURIS-fontes-oficiais.md § TRI-97","Diarrhoea or dysentery","Trichuris trichiura: que sinal de comprometimento nutricional a OMS atribui a ele?","Diarreia ou disenteria."
"Helmintologia::Trichuris trichiura","Trichuris trichiura","7. Patogenia","Sinal/sintoma","OMS","3057","TRICHURIS-fontes-oficiais.md § TRI-97","Reduction in fluency and memory","Trichuris trichiura: que sinal de comprometimento cognitivo a OMS atribui a ele?","Redução da fluência e da memória."
"Helmintologia::Trichuris trichiura","Trichuris trichiura","7. Patogenia","Sinal/sintoma","OMS","3058","TRICHURIS-fontes-oficiais.md § TRI-97","Rectal prolapse","Trichuris trichiura: que condição que exige cirurgia a OMS atribui a ele?","Prolapso retal."
"Helmintologia::Trichuris trichiura","Trichuris trichiura","7. Patogenia","Definição","OMS","3059","TRICHURIS-fontes-oficiais.md § TRI-109","This is a complication of heavy T. trichiura infection.","Tricuríase: o prolapso retal é complicação de que infecção?","Da infecção intensa por T. trichiura."
"Helmintologia::Trichuris trichiura","Trichuris trichiura","8. Manifestações Clínicas","Definição","CDC","3060","TRICHURIS-fontes-oficiais.md § TRI-115","Most frequently asymptomatic.","Tricuríase: como é, na maioria das vezes, a infecção?","Assintomática."
"Helmintologia::Trichuris trichiura","Trichuris trichiura","8. Manifestações Clínicas","Mecanismo","MS — Guia de Vigilância em Saúde","3061","TRICHURIS-fontes-oficiais.md § TRI-112","altas cargas parasitárias e ocorrência de poliparasitismo podem desencadear manifestações clínicas severas","Geo-helmintíases (inclui a tricuríase): o que pode desencadear manifestações graves?","Altas cargas parasitárias e poliparasitismo."
"Helmintologia::Trichuris trichiura","Trichuris trichiura","8. Manifestações Clínicas","Lista","MS — Guia de Vigilância em Saúde","3062","TRICHURIS-fontes-oficiais.md § TRI-116","o paciente pode apresentar desconforto abdominal, cólicas intermitentes, perda de apetite, diarreia","Geo-helmintíases (inclui a tricuríase), pelo GVS: depois que surgem os adultos no intestino, que manifestações digestivas o paciente pode apresentar?","Desconforto abdominal, cólicas intermitentes, perda de apetite e diarreia."
"Helmintologia::Trichuris trichiura","Trichuris trichiura","8. Manifestações Clínicas","Definição","OMS","3063","TRICHURIS-fontes-oficiais.md § TRI-119","Frequent discharge of watery stools containing blood and mucus.","Tricuríase: o que é a disenteria?","Evacuações líquidas frequentes com sangue e muco."
"Helmintologia::Trichuris trichiura","Trichuris trichiura","8. Manifestações Clínicas","Definição","OMS","3064","TRICHURIS-fontes-oficiais.md § TRI-109","Medical condition in which the wall of the rectum protrudes through the anus and become visible outside the body.","Tricuríase: o que é o prolapso retal?","A parede do reto sai pelo ânus e fica visível."
"Helmintologia::Trichuris trichiura","Trichuris trichiura","8. Manifestações Clínicas","Definição","OMS","3065","TRICHURIS-fontes-oficiais.md § TRI-122","Infected children are nutritionally and physically impaired.","Geo-helmintíases (inclui a tricuríase): que prejuízos têm as crianças infectadas?","Nutricional e físico."
"Helmintologia::Trichuris trichiura","Trichuris trichiura","9. Diagnóstico","Definição","MS — Guia de Vigilância em Saúde","3066","TRICHURIS-fontes-oficiais.md § TRI-125","Todo indivíduo que apresente ovos de Ascaris lumbricoides, e/ou de Trichuris trichiura, e/ou de ancilostomídeos (Ancylostoma duodenale e Necator americanus) em amostra de fezes.","Geo-helmintíases (inclui a tricuríase), pelo GVS: o que define um caso?","Ovos de A. lumbricoides, e/ou de T. trichiura, e/ou de ancilostomídeos em amostra de fezes."
"Helmintologia::Trichuris trichiura","Trichuris trichiura","9. Diagnóstico","Lista","MS — Guia de Vigilância em Saúde","3067","TRICHURIS-fontes-oficiais.md § TRI-123","pelo método de Kato-Katz ou pelos métodos de sedimentação espontânea, tais como o método Lutz, também chamado de Hoffman, Pons e Janer (HPJ)","Geo-helmintíases (inclui a tricuríase): quais métodos de exame de fezes o GVS cita?","Kato-Katz e sedimentação espontânea (Lutz, também chamado HPJ)."
"Helmintologia::Trichuris trichiura","Trichuris trichiura","9. Diagnóstico","Definição","MS — Guia de Vigilância em Saúde","3068","TRICHURIS-fontes-oficiais.md § TRI-149","o método de diagnóstico recomendado é o de Kato-Katz","Geo-helmintíases (inclui a tricuríase): que método é recomendado para contar ovos por grama de fezes?","Kato-Katz."
"Helmintologia::Trichuris trichiura","Trichuris trichiura","9. Diagnóstico","Número","MS — Guia Prático","3069","TRICHURIS-fontes-oficiais.md § TRI-153","1-999 opg","Tricuríase — Kato-Katz: qual é a faixa da infecção leve?","1 a 999 ovos por grama de fezes."
"Helmintologia::Trichuris trichiura","Trichuris trichiura","9. Diagnóstico","Número","MS — Guia Prático","3070","TRICHURIS-fontes-oficiais.md § TRI-153","1000-9999 opg","Tricuríase — Kato-Katz: qual é a faixa da infecção moderada?","1.000 a 9.999 ovos por grama de fezes."
"Helmintologia::Trichuris trichiura","Trichuris trichiura","9. Diagnóstico","Número","MS — Guia Prático","3071","TRICHURIS-fontes-oficiais.md § TRI-153","≥ 10000 opg","Tricuríase — Kato-Katz: a partir de quantos ovos por grama a infecção é intensa?","10.000 ou mais."
"Helmintologia::Trichuris trichiura","Trichuris trichiura","10. Tratamento","Definição","MS — Guia de Vigilância em Saúde","3072","TRICHURIS-fontes-oficiais.md § TRI-169","O medicamento de primeira escolha, disponibilizado gratuitamente na Rede de Atenção à Saúde (RAS), é o albendazol na apresentação de 400 mg","Geo-helmintíases (inclui a tricuríase): qual é o remédio de primeira escolha, gratuito na Rede de Atenção à Saúde?","Albendazol 400 mg."
"Helmintologia::Trichuris trichiura","Trichuris trichiura","10. Tratamento","Definição","MS — Formulário Terapêutico Nacional","3073","TRICHURIS-fontes-oficiais.md § TRI-182","para este último deve ser utilizado em regime de múltiplas doses","Tricuríase (FTN): o albendazol é dado em dose única ou em múltiplas doses?","Em múltiplas doses."
"Helmintologia::Trichuris trichiura","Trichuris trichiura","10. Tratamento","Esquema","MS — Formulário Terapêutico Nacional","3074","TRICHURIS-fontes-oficiais.md § TRI-187","400 mg, por via oral, a cada 24 horas, durante 3 dias.","Tricuríase — esquema do FTN para adultos e crianças acima de 2 anos?","Albendazol 400 mg por via oral a cada 24 horas, por 3 dias."
"Helmintologia::Trichuris trichiura","Trichuris trichiura","10. Tratamento","Esquema","MS — Formulário Terapêutico Nacional","3075","TRICHURIS-fontes-oficiais.md § TRI-186","200 mg, por via oral, a cada 24 horas, durante 3 dias.","Tricuríase — esquema do FTN para crianças menores de 2 anos?","Albendazol 200 mg por via oral a cada 24 horas, por 3 dias."
"Helmintologia::Trichuris trichiura","Trichuris trichiura","10. Tratamento","Esquema","MS — Guia Prático","3076","TRICHURIS-fontes-oficiais.md § TRI-193","na apresentação de comprimidos mastigáveis de 400 mg, administrado em dose única","Geo-helmintíases (inclui a tricuríase) — tratamento coletivo no SUS: como é dado o albendazol?","Comprimido mastigável de 400 mg, em dose única."
"Helmintologia::Trichuris trichiura","Trichuris trichiura","10. Tratamento","Esquema","MS — Guia Prático","3077","TRICHURIS-fontes-oficiais.md § TRI-194","Para crianças menores de 24 meses de idade recomenda-se meia dose de Albendazol (200mg.).","Geo-helmintíases (inclui a tricuríase) — tratamento coletivo: qual é a dose de albendazol para menores de 24 meses?","Meia dose: 200 mg."
"Helmintologia::Trichuris trichiura","Trichuris trichiura","10. Tratamento","Esquema","MS — Guia Prático","3078","TRICHURIS-fontes-oficiais.md § TRI-170","Uma opção é o Mebendazol, 100mg, 2 vezes ao dia, durante 3 dias consecutivos.","Geo-helmintíases (inclui a tricuríase): qual é o esquema de mebendazol do Guia Prático?","100 mg, 2 vezes ao dia, por 3 dias consecutivos."
"Helmintologia::Trichuris trichiura","Trichuris trichiura","10. Tratamento","Comparação","OMS","3079","TRICHURIS-fontes-oficiais.md § TRI-175 || TRICHURIS-fontes-oficiais.md § TRI-175","very similar efficacies (measured as egg reduction rate – ERR) after a single administration || mebendazole is slightly more efficacious for T. trichiura","Tricuríase, pela OMS: depois de uma única administração, qual é um pouco mais eficaz contra o T. trichiura — albendazol ou mebendazol?","O mebendazol."
"Helmintologia::Trichuris trichiura","Trichuris trichiura","10. Tratamento","Definição","MS — Formulário Terapêutico Nacional","3080","TRICHURIS-fontes-oficiais.md § TRI-188","Categoria de risco na gravidez (FDA): C","Albendazol na tricuríase: qual é a categoria de risco na gravidez (FDA)?","C."
"Helmintologia::Trichuris trichiura","Trichuris trichiura","10. Tratamento","Tempo","MS — Formulário Terapêutico Nacional","3081","TRICHURIS-fontes-oficiais.md § TRI-192","Não deve ser utilizado no primeiro trimestre de gravidez para infecção por nematódeos.","Albendazol na tricuríase, gravidez (FTN): em que trimestre não deve ser usado contra nematódeos?","No primeiro trimestre."
"Helmintologia::Trichuris trichiura","Trichuris trichiura","10. Tratamento","Tempo","MS — Formulário Terapêutico Nacional","3082","TRICHURIS-fontes-oficiais.md § TRI-192","Evitar engravidar durante o tratamento ou no prazo de 1 mês depois de completada a terapia.","Albendazol na tricuríase (FTN): por quanto tempo depois do tratamento evitar engravidar?","1 mês depois de completada a terapia."
"Helmintologia::Trichuris trichiura","Trichuris trichiura","10. Tratamento","Definição","MS — Formulário Terapêutico Nacional","3083","TRICHURIS-fontes-oficiais.md § TRI-189","Orientar para ingerir durante as refeições para aumentar a absorção do fármaco","Albendazol na tricuríase: como tomar para aumentar a absorção?","Durante as refeições."
"Helmintologia::Trichuris trichiura","Trichuris trichiura","10. Tratamento","Definição","MS — Formulário Terapêutico Nacional","3084","TRICHURIS-fontes-oficiais.md § TRI-189","para evitar suco de pomelo","Albendazol na tricuríase: que suco evitar junto com ele?","Suco de pomelo."
"Helmintologia::Trichuris trichiura","Trichuris trichiura","10. Tratamento","Classificação","Bula (EUA)","3085","TRICHURIS-fontes-oficiais.md § TRI-207","antihelminthic drug of the class benzimidazole","Albendazol na tricuríase: a que classe de anti-helmínticos pertence?","Benzimidazóis."
"Helmintologia::Trichuris trichiura","Trichuris trichiura","10. Tratamento","Mecanismo","Bula (EUA)","3086","TRICHURIS-fontes-oficiais.md § TRI-208","ALBENZA binds to the colchicine-sensitive site of β-tubulin","Albendazol na tricuríase: a que proteína do parasita se liga?","À β-tubulina (no sítio sensível à colchicina)."
"Helmintologia::Trichuris trichiura","Trichuris trichiura","10. Tratamento","Mecanismo","Bula (EUA)","3087","TRICHURIS-fontes-oficiais.md § TRI-208","inhibiting their polymerization into microtubules.","Albendazol na tricuríase: o que a ligação à β-tubulina inibe?","A polimerização em microtúbulos."
"Helmintologia::Trichuris trichiura","Trichuris trichiura","10. Tratamento","Mecanismo","Bula (EUA)","3088","TRICHURIS-fontes-oficiais.md § TRI-208","decreases their absorptive function, especially the uptake of glucose","Albendazol na tricuríase: que absorção cai nas células intestinais do parasita?","A de glicose."
"Helmintologia::Trichuris trichiura","Trichuris trichiura","10. Tratamento","Mecanismo","Bula (EUA)","3089","TRICHURIS-fontes-oficiais.md § TRI-208","Insufficient glucose results in insufficient energy for the production of adenosine trisphosphate (ATP) and the parasite eventually dies.","Albendazol na tricuríase: por que o parasita acaba morrendo?","Falta glicose, e com ela energia (ATP)."
"Helmintologia::Trichuris trichiura","Trichuris trichiura","10. Tratamento","Mecanismo","MS — Guia Prático","3090","TRICHURIS-fontes-oficiais.md § TRI-171","uma vez que é pouco absorvido pelo intestino e tem rápida eliminação pelo organismo","Albendazol na tricuríase: por que tem poucos efeitos colaterais, segundo o Guia Prático?","É pouco absorvido pelo intestino e eliminado rapidamente."
"Helmintologia::Trichuris trichiura","Trichuris trichiura","10. Tratamento","Definição","OMS","3091","TRICHURIS-fontes-oficiais.md § TRI-199","Children who are ill on treatment days should not receive drugs.","Geo-helmintíases (inclui a tricuríase) — tratamento coletivo nas escolas: a criança doente no dia do tratamento recebe o remédio?","Não; é tratada depois, quando estiver bem."
"Helmintologia::Trichuris trichiura","Trichuris trichiura","10. Tratamento","Definição","OMS","3092","TRICHURIS-fontes-oficiais.md § TRI-97","Conditions requiring surgical intervention","Tricuríase — caso grave: como se trata o prolapso retal?","Com intervenção cirúrgica."
"Helmintologia::Trichuris trichiura","Trichuris trichiura","11. Profilaxia","Lista","MS — Guia de Vigilância em Saúde","3093","TRICHURIS-fontes-oficiais.md § TRI-212","A estratégia de controle das geo-helmintíases recomendada é a utilização de medicação antiparasitária, medidas de educação em saúde e melhorias ambientais e de saneamento.","Controle das geo-helmintíases (inclui a tricuríase) (GVS): quais são as três medidas da estratégia?","Medicação antiparasitária, educação em saúde e melhorias ambientais e de saneamento."
"Helmintologia::Trichuris trichiura","Trichuris trichiura","11. Profilaxia","Definição","MS — Guia de Vigilância em Saúde","3094","TRICHURIS-fontes-oficiais.md § TRI-215","Tratar somente os casos positivos*","Controle das geo-helmintíases (inclui a tricuríase), pelo GVS: positividade abaixo de 20% (baixo risco) — qual é a conduta?","Tratar só os casos positivos."
"Helmintologia::Trichuris trichiura","Trichuris trichiura","11. Profilaxia","Definição","MS — Guia de Vigilância em Saúde","3095","TRICHURIS-fontes-oficiais.md § TRI-215","Tratar coletivamente a localidade uma vez por ano","Controle das geo-helmintíases (inclui a tricuríase), pelo GVS: positividade de 20% a 50% (risco moderado) — qual é a conduta?","Tratar coletivamente a localidade uma vez por ano."
"Helmintologia::Trichuris trichiura","Trichuris trichiura","11. Profilaxia","Definição","MS — Guia de Vigilância em Saúde","3096","TRICHURIS-fontes-oficiais.md § TRI-215","Tratar coletivamente a localidade duas vezes por ano","Controle das geo-helmintíases (inclui a tricuríase), pelo GVS: positividade acima de 50% (alto risco) — qual é a conduta?","Tratar coletivamente a localidade duas vezes por ano."
"Helmintologia::Trichuris trichiura","Trichuris trichiura","11. Profilaxia","Definição","MS — Guia Prático","3097","TRICHURIS-fontes-oficiais.md § TRI-78","o tratamento preventivo periódico de escolares na faixa etária de 05 a 14 anos","Controle das geo-helmintíases (inclui a tricuríase): qual é o público principal do tratamento preventivo periódico?","Escolares de 5 a 14 anos."
"Helmintologia::Trichuris trichiura","Trichuris trichiura","11. Profilaxia","Definição","MS — Guia Prático","3098","TRICHURIS-fontes-oficiais.md § TRI-224","O tratamento deve ser realizado por profissionais das Unidades Básicas de Saúde das áreas de adstrição das escolas.","Controle das geo-helmintíases (inclui a tricuríase) nas escolas: quem aplica o tratamento?","Profissionais das Unidades Básicas de Saúde."
"Helmintologia::Trichuris trichiura","Trichuris trichiura","11. Profilaxia","Mecanismo","OMS","3099","TRICHURIS-fontes-oficiais.md § TRI-232 || TRICHURIS-fontes-oficiais.md § TRI-232","The only definitive solution for eliminating schistosomiasis and STH infections is improvement in environmental conditions and a change in risk behaviours. || Without these improvements, the prevalence of infection will tend to return to original pre-treatment levels within a few months of a round of deworming. The deworming intervention must therefore be repeated periodically.","Controle das geo-helmintíases (inclui a tricuríase): por que a desverminação tem de ser repetida periodicamente?","Sem melhorar o ambiente e mudar os comportamentos de risco, a prevalência tende a voltar aos níveis de antes em poucos meses."
"Helmintologia::Trichuris trichiura","Trichuris trichiura","11. Profilaxia","Número","OMS","3100","TRICHURIS-fontes-oficiais.md § TRI-236","WHO has set a target of regular delivery of anthelminthic treatment to at least 75% of school-age children in endemic areas.","Controle das geo-helmintíases (inclui a tricuríase): qual é a meta da OMS de tratamento regular dos escolares nas áreas endêmicas?","Pelo menos 75%."
"Helmintologia::Trichuris trichiura","Trichuris trichiura","11. Profilaxia","Definição","MS — Guia de Vigilância em Saúde","3101","TRICHURIS-fontes-oficiais.md § TRI-248","Não utilização de fezes humanas como adubo sem tratamento adequado.","Profilaxia das geo-helmintíases (inclui a tricuríase), pelo GVS: o que se orienta sobre fezes humanas como adubo?","Não usar sem tratamento adequado."
"Helmintologia::Trichuris trichiura","Trichuris trichiura","11. Profilaxia","Definição","MS — Guia de Vigilância em Saúde","3102","TRICHURIS-fontes-oficiais.md § TRI-256","Higienização cuidadosa dos alimentos que serão ingeridos crus (hortaliças, frutas e legumes).","Profilaxia das geo-helmintíases (inclui a tricuríase), pelo GVS: o que fazer com os alimentos que serão comidos crus?","Higienizá-los com cuidado (hortaliças, frutas e legumes)."
"Helmintologia::Trichuris trichiura","Trichuris trichiura","11. Profilaxia","Definição","MS — Guia de Vigilância em Saúde","3103","TRICHURIS-fontes-oficiais.md § TRI-260","Lavagem adequada das mãos antes das refeições e ao manusear os alimentos.","Profilaxia das geo-helmintíases (inclui a tricuríase), pelo GVS: quando lavar as mãos?","Antes das refeições e ao manusear os alimentos."
"Helmintologia::Trichuris trichiura","Trichuris trichiura","11. Profilaxia","Definição","MS — Guia de Vigilância em Saúde","3104","TRICHURIS-fontes-oficiais.md § TRI-257","Proteção dos alimentos contra poeira, moscas e outros vetores.","Profilaxia das geo-helmintíases (inclui a tricuríase), pelo GVS: contra o que proteger os alimentos?","Poeira, moscas e outros vetores."
"Helmintologia::Trichuris trichiura","Trichuris trichiura","11. Profilaxia","Lista","OMS","3105","TRICHURIS-fontes-oficiais.md § TRI-270","not washing hands with clean water and soap before eating; – not washing raw vegetables and fruits with clean water before eating; – eating of soil.","Helmintíases (inclui a tricuríase) — comportamentos de risco (OMS): que hábitos facilitam a ingestão de ovos?","Não lavar as mãos com água limpa e sabão antes de comer, não lavar verduras e frutas cruas com água limpa e comer terra."
"Helmintologia::Trichuris trichiura","Trichuris trichiura","11. Profilaxia","Mecanismo","MS — Guia Prático","3106","TRICHURIS-fontes-oficiais.md § TRI-252","o mais importante e necessário, além de outras ações sanitárias, é uma disposição adequada dos esgotos com coleta e tratamento, visando interromper ciclos de transmissão","Profilaxia das geo-helmintíases (inclui a tricuríase), pelo Guia Prático: o que é o mais importante e necessário, além de outras ações sanitárias?","Disposição adequada dos esgotos, com coleta e tratamento, para interromper os ciclos de transmissão."
"Helmintologia::Strongyloides stercoralis","Strongyloides stercoralis","1. Agente","Definição","CDC","4001","ESTRONGILOIDES-fontes-oficiais.md § STR-03","Strongyloides stercoralis is the major causative agent of strongyloidiasis in humans","Estrongiloidíase humana: qual é o principal agente?","Strongyloides stercoralis."
"Helmintologia::Strongyloides stercoralis","Strongyloides stercoralis","1. Agente","Classificação","MS — Guia de Bolso","4002","ESTRONGILOIDES-fontes-oficiais.md § STR-01","CID 10: B78","Estrongiloidíase (S. stercoralis): qual é o código CID-10?","B78."
"Helmintologia::Strongyloides stercoralis","Strongyloides stercoralis","1. Agente","Lista","Aula","4003","ESTRONGILOIDES.md § Slide 2 || ESTRONGILOIDES.md § Slide 2","Espécies de interesse médico: Strongyloides stercoralis || Strongyloides fuelleboni - África (primatas)","Strongyloides, na aula: quais são as espécies de interesse médico?","Strongyloides stercoralis e Strongyloides fuelleboni."
"Helmintologia::Strongyloides stercoralis","Strongyloides stercoralis","1. Agente","Local","Aula","4004","ESTRONGILOIDES.md § Slide 2","Strongyloides fuelleboni - África (primatas)","Strongyloides fuelleboni, na aula: o que o slide anota ao lado do nome?","África (primatas)."
"Helmintologia::Strongyloides stercoralis","Strongyloides stercoralis","1. Agente","Definição","CDC","4005","ESTRONGILOIDES-fontes-oficiais.md § STR-03","S. fuelleborni subsp. kellyi, for which the only currently known host is humans","S. fuelleborni subsp. kellyi: qual é o único hospedeiro conhecido hoje?","O homem."
"Helmintologia::Strongyloides stercoralis","Strongyloides stercoralis","1. Agente","Classificação","Aula","4006","GEOHELMINTOS.md § Slide 2 || GEOHELMINTOS.md § Slide 2","Representantes dos geohelmintos: || Strongyloides stercoralis (Estrongiloidíase)","S. stercoralis, na aula: a que grupo de helmintos pertence (o do Ascaris, dos ancilostomídeos e do Trichuris)?","Geo-helmintos."
"Helmintologia::Strongyloides stercoralis","Strongyloides stercoralis","1. Agente","Classificação","OMS","4007","ESTRONGILOIDES-fontes-oficiais.md § STR-27","Strongyloidiasis, a soil-transmitted helminthiasis","Estrongiloidíase (S. stercoralis), pela OMS: é helmintíase transmitida por qual meio?","Pelo solo."
"Helmintologia::Strongyloides stercoralis","Strongyloides stercoralis","1. Agente","Classificação","OMS","4008","ESTRONGILOIDES-fontes-oficiais.md § STR-27","a neglected tropical disease (NTD)","Estrongiloidíase (S. stercoralis), pela OMS: é doença tropical negligenciada?","Sim."
"Helmintologia::Strongyloides stercoralis","Strongyloides stercoralis","1. Agente","Definição","CDC","4009","ESTRONGILOIDES-fontes-oficiais.md § STR-03","Strongyloides spp. are sometimes called “threadworms”","Strongyloides: como é às vezes chamado em inglês?","Threadworm."
"Helmintologia::Strongyloides stercoralis","Strongyloides stercoralis","2. Classificação","Classificação","Aula","4010","ESTRONGILOIDES.md § Slide 2","Ordem: Rhabdiasidea","Strongyloides, na aula: qual é a ordem?","Rhabdiasidea."
"Helmintologia::Strongyloides stercoralis","Strongyloides stercoralis","2. Classificação","Classificação","Aula","4011","ESTRONGILOIDES.md § Slide 2","Família: Strongyloidae","Strongyloides, na aula: qual é a família?","Strongyloidae."
"Helmintologia::Strongyloides stercoralis","Strongyloides stercoralis","2. Classificação","Número","OMS","4012","ESTRONGILOIDES-fontes-oficiais.md § STR-05","Strongyloides is a genus of some 60 species of nematodes infecting terrestrial vertebrates","Gênero Strongyloides: quantas espécies tem, aproximadamente?","Cerca de 60 (nematódeos de vertebrados terrestres)."
"Helmintologia::Strongyloides stercoralis","Strongyloides stercoralis","2. Classificação","Número","OMS","4013","ESTRONGILOIDES-fontes-oficiais.md § STR-05","Two species infect humans.","Gênero Strongyloides: quantas espécies infectam o homem?","Duas (S. stercoralis e S. fuelleborni)."
"Helmintologia::Strongyloides stercoralis","Strongyloides stercoralis","2. Classificação","Definição","OMS","4014","ESTRONGILOIDES-fontes-oficiais.md § STR-05","S. fuelleborni, which occurs rarely as a zoonosis from non-human primates in Africa","S. fuelleborni no homem, pela OMS: como ocorre?","Raramente, como zoonose de primatas não humanos, na África."
"Helmintologia::Strongyloides stercoralis","Strongyloides stercoralis","2. Classificação","Local","OMS","4015","ESTRONGILOIDES-fontes-oficiais.md § STR-05","S. fuelleborni kellyi infects people in Papua New Guinea","S. fuelleborni kellyi: em que país infecta pessoas?","Papua-Nova Guiné."
"Helmintologia::Strongyloides stercoralis","Strongyloides stercoralis","2. Classificação","Número","Aula","4016","ESTRONGILOIDES.md § Slide 3","Corpo fusiforme, cerca de 1 mm de comprimento","S. stercoralis — formas de vida livre, na aula: qual é o comprimento?","Cerca de 1 mm."
"Helmintologia::Strongyloides stercoralis","Strongyloides stercoralis","2. Classificação","Número","OMS","4017","ESTRONGILOIDES-fontes-oficiais.md § STR-06","The parasitic stages of Strongyloides are small worms, approximately 2.5 mm long","S. stercoralis — formas parasitárias, pela OMS: qual é o comprimento?","Cerca de 2,5 mm."
"Helmintologia::Strongyloides stercoralis","Strongyloides stercoralis","3. Morfologia","Forma","Aula","4018","ESTRONGILOIDES.md § Slide 3","Corpo fusiforme","S. stercoralis — formas de vida livre: qual é a forma do corpo?","Fusiforme."
"Helmintologia::Strongyloides stercoralis","Strongyloides stercoralis","3. Morfologia","Forma","Aula","4019","ESTRONGILOIDES.md § Slide 3","Esôfago rabditoide e cauda afilada","S. stercoralis — formas de vida livre: qual é o tipo de esôfago?","Rabditoide."
"Helmintologia::Strongyloides stercoralis","Strongyloides stercoralis","3. Morfologia","Forma","Aula","4020","ESTRONGILOIDES.md § Slide 3","Esôfago rabditoide e cauda afilada","S. stercoralis — formas de vida livre: como é a cauda?","Afilada."
"Helmintologia::Strongyloides stercoralis","Strongyloides stercoralis","3. Morfologia","Comparação","Aula","4021","ESTRONGILOIDES.md § Slide 3","Fêmeas ligeiramente maiores","S. stercoralis — formas de vida livre: qual sexo é maior?","A fêmea (ligeiramente maior)."
"Helmintologia::Strongyloides stercoralis","Strongyloides stercoralis","3. Morfologia","Definição","Aula","4022","ESTRONGILOIDES.md § Slide 2","geração parasitária – apenas ♀ partenogenética","S. stercoralis — geração parasitária: que sexo(s) tem?","Só fêmeas (partenogenéticas)."
"Helmintologia::Strongyloides stercoralis","Strongyloides stercoralis","3. Morfologia","Definição","CDC","4023","ESTRONGILOIDES-fontes-oficiais.md § STR-07","Parasitic males do not exist","S. stercoralis: existem machos parasitas?","Não."
"Helmintologia::Strongyloides stercoralis","Strongyloides stercoralis","3. Morfologia","Forma","CDC","4024","ESTRONGILOIDES-fontes-oficiais.md § STR-07","parasitic females are long, slender","S. stercoralis — fêmea parasita: como é a forma do corpo?","Longa e delgada."
"Helmintologia::Strongyloides stercoralis","Strongyloides stercoralis","3. Morfologia","Número","CDC","4025","ESTRONGILOIDES-fontes-oficiais.md § STR-10","are 180—380 µm long","S. stercoralis — larva rabditoide (L1): qual é o comprimento?","180–380 µm."
"Helmintologia::Strongyloides stercoralis","Strongyloides stercoralis","3. Morfologia","Forma","CDC","4026","ESTRONGILOIDES-fontes-oficiais.md § STR-10","with a short buccal canal","S. stercoralis — larva rabditoide (L1): como é o canal bucal?","Curto."
"Helmintologia::Strongyloides stercoralis","Strongyloides stercoralis","3. Morfologia","Forma","CDC","4027","ESTRONGILOIDES-fontes-oficiais.md § STR-10","a rhabditoid esophagus (divided into three sections)","S. stercoralis — larva rabditoide (L1): qual é o tipo de esôfago?","Rabditoide (dividido em três partes)."
"Helmintologia::Strongyloides stercoralis","Strongyloides stercoralis","3. Morfologia","Número","CDC","4028","ESTRONGILOIDES-fontes-oficiais.md § STR-10","extending 1/3 of the body length","S. stercoralis — larva rabditoide (L1): que fração do corpo o esôfago ocupa?","1/3."
"Helmintologia::Strongyloides stercoralis","Strongyloides stercoralis","3. Morfologia","Forma","CDC","4029","ESTRONGILOIDES-fontes-oficiais.md § STR-10","a prominent genital primordium","S. stercoralis — larva rabditoide (L1): como é o primórdio genital?","Proeminente."
"Helmintologia::Strongyloides stercoralis","Strongyloides stercoralis","3. Morfologia","Forma","OMS","4030","ESTRONGILOIDES-fontes-oficiais.md § STR-13","rhabditiform larva (L1) with tapered tail","S. stercoralis — larva rabditoide (L1): como é a cauda?","Afilada."
"Helmintologia::Strongyloides stercoralis","Strongyloides stercoralis","3. Morfologia","Número","CDC","4031","ESTRONGILOIDES-fontes-oficiais.md § STR-11","are up to 600 µm long","S. stercoralis — larva filarioide (L3): qual é o comprimento?","Até 600 µm."
"Helmintologia::Strongyloides stercoralis","Strongyloides stercoralis","3. Morfologia","Forma","CDC","4032","ESTRONGILOIDES-fontes-oficiais.md § STR-11","The tail is notched","S. stercoralis — larva filarioide (L3): como é a cauda?","Entalhada."
"Helmintologia::Strongyloides stercoralis","Strongyloides stercoralis","3. Morfologia","Número","CDC","4033","ESTRONGILOIDES-fontes-oficiais.md § STR-11","the esophagus to intestine ratio is 1:1","S. stercoralis — larva filarioide (L3): qual é a relação esôfago/intestino?","1:1."
"Helmintologia::Strongyloides stercoralis","Strongyloides stercoralis","3. Morfologia","Comparação","CDC","4034","ESTRONGILOIDES-fontes-oficiais.md § STR-11","hookworm filariform larvae (which have a short esophagus and pointed tail)","Larva filarioide dos ancilostomídeos (diferente da do S. stercoralis): como é o esôfago?","Curto."
"Helmintologia::Strongyloides stercoralis","Strongyloides stercoralis","3. Morfologia","Comparação","CDC","4035","ESTRONGILOIDES-fontes-oficiais.md § STR-11","hookworm filariform larvae (which have a short esophagus and pointed tail)","Larva filarioide dos ancilostomídeos (diferente da do S. stercoralis): como é a cauda?","Pontiaguda."
"Helmintologia::Strongyloides stercoralis","Strongyloides stercoralis","3. Morfologia","Local","CDC","4036","ESTRONGILOIDES-fontes-oficiais.md § STR-11","They may be found in respiratory specimens during cases of autoinfection.","S. stercoralis — larva filarioide (L3): em que amostras pode ser encontrada nos casos de autoinfecção?","Em amostras respiratórias."
"Helmintologia::Strongyloides stercoralis","Strongyloides stercoralis","3. Morfologia","Forma","OMS","4037","ESTRONGILOIDES-fontes-oficiais.md § STR-06","S. stercoralis has larvae in faeces","S. stercoralis: em que forma aparece nas fezes frescas — ovo ou larva?","Larva."
"Helmintologia::Strongyloides stercoralis","Strongyloides stercoralis","3. Morfologia","Forma","OMS","4038","ESTRONGILOIDES-fontes-oficiais.md § STR-06","S. fuelleborni has eggs in fresh faeces","S. fuelleborni: em que forma aparece nas fezes frescas — ovo ou larva?","Ovo."
"Helmintologia::Strongyloides stercoralis","Strongyloides stercoralis","3. Morfologia","Número","OMS","4039","ESTRONGILOIDES-fontes-oficiais.md § STR-09","Sizes: 50-58 x 30-34 µm","S. stercoralis — ovo: quais são as medidas?","50–58 × 30–34 µm."
"Helmintologia::Strongyloides stercoralis","Strongyloides stercoralis","3. Morfologia","Forma","OMS","4040","ESTRONGILOIDES-fontes-oficiais.md § STR-09","already harbouring a larva when passed in faeces","S. stercoralis — ovo: o que já traz quando é eliminado nas fezes?","A larva."
"Helmintologia::Strongyloides stercoralis","Strongyloides stercoralis","3. Morfologia","Tempo","OMS","4041","ESTRONGILOIDES-fontes-oficiais.md § STR-09","where they occasionally can be seen","S. stercoralis — ovo: com que frequência pode ser visto nas fezes?","Às vezes (ocasionalmente)."
"Helmintologia::Strongyloides stercoralis","Strongyloides stercoralis","3. Morfologia","Número","CDC","4042","ESTRONGILOIDES-fontes-oficiais.md § STR-08","(50—60 x 30—40 µm)","S. fuelleborni — ovo: quais são as medidas?","50–60 × 30–40 µm."
"Helmintologia::Strongyloides stercoralis","Strongyloides stercoralis","3. Morfologia","Forma","CDC","4043","ESTRONGILOIDES-fontes-oficiais.md § STR-08","are passed partially embryonated","S. fuelleborni — ovo: em que estado de embrionamento é eliminado?","Parcialmente embrionado."
"Helmintologia::Strongyloides stercoralis","Strongyloides stercoralis","4. Ciclo Biológico","Local","Aula","4044","ESTRONGILOIDES.md § Slide 2","parasitas de ID (duodeno e jejuno)","S. stercoralis — geração parasitária, na aula: onde vive?","No ID: duodeno e jejuno."
"Helmintologia::Strongyloides stercoralis","Strongyloides stercoralis","4. Ciclo Biológico","Número","Aula","4045","ESTRONGILOIDES.md § Slide 2","Duas gerações diferentes:","S. stercoralis, na aula: quantas gerações diferentes tem o ciclo?","Duas."
"Helmintologia::Strongyloides stercoralis","Strongyloides stercoralis","4. Ciclo Biológico","Local","Aula","4046","ESTRONGILOIDES.md § Slide 2","geração de vida livre na terra","S. stercoralis — geração de vida livre: onde vive?","Na terra."
"Helmintologia::Strongyloides stercoralis","Strongyloides stercoralis","4. Ciclo Biológico","Definição","Aula","4047","ESTRONGILOIDES.md § Slide 2","geração de vida livre na terra - ♂ e ♀ adultos","S. stercoralis — geração de vida livre: que adultos tem?","Machos e fêmeas."
"Helmintologia::Strongyloides stercoralis","Strongyloides stercoralis","4. Ciclo Biológico","Mecanismo","CDC","4048","ESTRONGILOIDES-fontes-oficiais.md § STR-14","produce eggs via parthenogenesis","S. stercoralis — fêmea parasita: como produz os ovos?","Por partenogênese."
"Helmintologia::Strongyloides stercoralis","Strongyloides stercoralis","4. Ciclo Biológico","Classificação","MS — Guia de Bolso","4049","ESTRONGILOIDES-fontes-oficiais.md § STR-15","A fêmea parasita é ovovivípara","S. stercoralis — fêmea parasita, pelo Guia de Bolso: é ovípara ou ovovivípara?","Ovovivípara."
"Helmintologia::Strongyloides stercoralis","Strongyloides stercoralis","4. Ciclo Biológico","Local","MS — Guia de Bolso","4050","ESTRONGILOIDES-fontes-oficiais.md § STR-15","libera ovos larvados que eclodem ainda no intestino","S. stercoralis: onde eclodem os ovos larvados?","Ainda no intestino."
"Helmintologia::Strongyloides stercoralis","Strongyloides stercoralis","4. Ciclo Biológico","Definição","MS — Guia de Bolso","4051","ESTRONGILOIDES-fontes-oficiais.md § STR-15","liberando larvas rabditóides (não-infectantes), que saem pelas fezes","S. stercoralis: que tipo de larva sai pelas fezes?","Larva rabditoide."
"Helmintologia::Strongyloides stercoralis","Strongyloides stercoralis","4. Ciclo Biológico","Definição","MS — Guia de Bolso","4052","ESTRONGILOIDES-fontes-oficiais.md § STR-15","liberando larvas rabditóides (não-infectantes), que saem pelas fezes","S. stercoralis — larva rabditoide que sai pelas fezes: é infectante?","Não."
"Helmintologia::Strongyloides stercoralis","Strongyloides stercoralis","4. Ciclo Biológico","Sequência","MS — Guia de Bolso","4053","ESTRONGILOIDES-fontes-oficiais.md § STR-15","chegando aos pulmões, traqueia e epiglote, atingindo o trato digestivo, via descendente","S. stercoralis — ciclo parasitário, pelo Guia de Bolso: qual é o trajeto da larva filarioide depois de penetrar a pele?","Pulmões → traqueia → epiglote → trato digestivo (via descendente)."
"Helmintologia::Strongyloides stercoralis","Strongyloides stercoralis","4. Ciclo Biológico","Número","CDC","4054","ESTRONGILOIDES-fontes-oficiais.md § STR-14","In the small intestine, the larvae molt twice and become adult female worms.","S. stercoralis — no intestino delgado: quantas mudas a larva faz até virar fêmea adulta?","Duas."
"Helmintologia::Strongyloides stercoralis","Strongyloides stercoralis","4. Ciclo Biológico","Evolução","MS — Guia de Bolso","4055","ESTRONGILOIDES-fontes-oficiais.md § STR-15","podem evoluir, no meio externo, para a forma infectante ou para adultos de vida livre","S. stercoralis — larva rabditoide no meio externo: em que pode evoluir?","Na forma infectante (filarioide) ou em adultos de vida livre."
"Helmintologia::Strongyloides stercoralis","Strongyloides stercoralis","4. Ciclo Biológico","Definição","CDC","4056","ESTRONGILOIDES-fontes-oficiais.md § STR-14","develop into either infective filariform larvae (direct development)","S. stercoralis — desenvolvimento direto (CDC): em que vira a larva rabditoide no meio externo?","Em larva filarioide infectante."
"Helmintologia::Strongyloides stercoralis","Strongyloides stercoralis","4. Ciclo Biológico","Definição","OMS","4057","ESTRONGILOIDES-fontes-oficiais.md § STR-18","molt into infective filariform larvae directly (homogenic cycle)","S. stercoralis — ciclo homogônico (OMS): o que acontece com a larva eliminada nas fezes?","Muda diretamente para larva filarioide infectante."
"Helmintologia::Strongyloides stercoralis","Strongyloides stercoralis","4. Ciclo Biológico","Definição","CDC","4058","ESTRONGILOIDES-fontes-oficiais.md § STR-14","free-living adult males and females that mate and produce eggs, from which rhabditiform larvae hatch","S. stercoralis — adultos de vida livre: o que produzem depois do acasalamento?","Ovos, dos quais eclodem larvas rabditoides."
"Helmintologia::Strongyloides stercoralis","Strongyloides stercoralis","4. Ciclo Biológico","Definição","CDC","4059","ESTRONGILOIDES-fontes-oficiais.md § STR-07","free-living male and female adult worms (indirect cycle)","S. stercoralis — ciclo indireto: por qual geração passa?","Por machos e fêmeas adultos de vida livre."
"Helmintologia::Strongyloides stercoralis","Strongyloides stercoralis","4. Ciclo Biológico","Definição","CDC","4060","ESTRONGILOIDES-fontes-oficiais.md § STR-14","This second generation of filariform larvae cannot mature into free-living adults and must find a new host","S. stercoralis — filarioides geradas pelos adultos de vida livre: podem virar adultos de vida livre?","Não; têm de achar um novo hospedeiro."
"Helmintologia::Strongyloides stercoralis","Strongyloides stercoralis","4. Ciclo Biológico","Tempo","OMS","4061","ESTRONGILOIDES-fontes-oficiais.md § STR-25","Infective larvae develop within a few days after the deposition of faeces","S. stercoralis — larvas infectantes: em quanto tempo se formam depois da deposição das fezes?","Em poucos dias."
"Helmintologia::Strongyloides stercoralis","Strongyloides stercoralis","4. Ciclo Biológico","Tempo","OMS","4062","ESTRONGILOIDES-fontes-oficiais.md § STR-25","the larvae can remain viable for weeks in damp conditions","S. stercoralis — larvas infectantes: por quanto tempo ficam viáveis em ambiente úmido?","Por semanas."
"Helmintologia::Strongyloides stercoralis","Strongyloides stercoralis","4. Ciclo Biológico","Definição","MS — Guia de Bolso","4063","ESTRONGILOIDES-fontes-oficiais.md § STR-15","auto-endoinfecção, quando as larvas passam a ser filarióides, no interior do próprio hospedeiro, sem passar por fase evolutiva no meio externo","S. stercoralis — auto-endoinfecção: o que é?","As larvas viram filarioides dentro do próprio hospedeiro, sem fase no meio externo."
"Helmintologia::Strongyloides stercoralis","Strongyloides stercoralis","4. Ciclo Biológico","Definição","MS — Guia de Bolso","4064","ESTRONGILOIDES-fontes-oficiais.md § STR-15","Auto-exoinfecção ocorre quando as larvas filarióides se localizam na região anal ou perianal, onde novamente penetram no organismo do hospedeiro.","S. stercoralis — auto-exoinfecção: o que é?","As filarioides da região anal ou perianal penetram de novo no organismo."
"Helmintologia::Strongyloides stercoralis","Strongyloides stercoralis","4. Ciclo Biológico","Local","CDC","4065","ESTRONGILOIDES-fontes-oficiais.md § STR-14","can penetrate either the intestinal mucosa or the skin of the perianal area, resulting in autoinfection","S. stercoralis — autoinfecção (CDC): por onde a larva filarioide penetra?","Pela mucosa intestinal ou pela pele da região perianal."
"Helmintologia::Strongyloides stercoralis","Strongyloides stercoralis","4. Ciclo Biológico","Tempo","OMS","4066","ESTRONGILOIDES-fontes-oficiais.md § STR-18","(leading to a lifelong infection)","S. stercoralis — autoinfecção, pela OMS: quanto tempo pode durar a infecção?","A vida toda."
"Helmintologia::Strongyloides stercoralis","Strongyloides stercoralis","4. Ciclo Biológico","Tempo","CDC","4067","ESTRONGILOIDES-fontes-oficiais.md § STR-14","untreated cases can result in persistent infection, even after many decades of residence in a non-endemic area","S. stercoralis sem tratamento (CDC): a infecção pode persistir por quanto tempo fora da área endêmica?","Por muitas décadas."
"Helmintologia::Strongyloides stercoralis","Strongyloides stercoralis","4. Ciclo Biológico","Tempo","MS — Guia de Bolso","4068","ESTRONGILOIDES-fontes-oficiais.md § STR-23","Ocorre no prazo de 2 a 4 semanas","Estrongiloidíase (S. stercoralis) — período de incubação: quanto dura?","2 a 4 semanas."
"Helmintologia::Strongyloides stercoralis","Strongyloides stercoralis","4. Ciclo Biológico","Sequência","MS — Guia de Bolso","4069","ESTRONGILOIDES-fontes-oficiais.md § STR-23","entre a penetração através da pele e o aparecimento de larvas rabditóides nas fezes","Estrongiloidíase (S. stercoralis) — período de incubação: vai de que evento a que evento?","Da penetração pela pele ao aparecimento de larvas rabditoides nas fezes."
"Helmintologia::Strongyloides stercoralis","Strongyloides stercoralis","4. Ciclo Biológico","Definição","MS — Guia de Bolso","4070","ESTRONGILOIDES-fontes-oficiais.md § STR-20","Reservatório - O homem.","S. stercoralis, pelo Guia de Bolso: qual é o reservatório?","O homem."
"Helmintologia::Strongyloides stercoralis","Strongyloides stercoralis","4. Ciclo Biológico","Lista","MS — Guia de Bolso","4071","ESTRONGILOIDES-fontes-oficiais.md § STR-20","Gatos, cães e primatas têm sido encontrados infectados.","S. stercoralis, pelo Guia de Bolso: que animais têm sido encontrados infectados?","Gatos, cães e primatas."
"Helmintologia::Strongyloides stercoralis","Strongyloides stercoralis","5. Transmissão","Mecanismo","MS — Guia de Bolso","4072","ESTRONGILOIDES-fontes-oficiais.md § STR-15","As larvas infectantes (filarióides), presentes no meio externo, penetram através da pele","Estrongiloidíase (S. stercoralis): como a pessoa se infecta?","A larva filarioide infectante do meio externo penetra através da pele."
"Helmintologia::Strongyloides stercoralis","Strongyloides stercoralis","5. Transmissão","Relação","OMS","4073","ESTRONGILOIDES-fontes-oficiais.md § STR-25","faecal-oral contamination is therefore not a route of transmission","Estrongiloidíase (S. stercoralis): a via fecal-oral transmite a infecção?","Não (a infecção é percutânea)."
"Helmintologia::Strongyloides stercoralis","Strongyloides stercoralis","5. Transmissão","Número","OMS","4074","ESTRONGILOIDES-fontes-oficiais.md § STR-25","One larva is sufficient to cause percutaneous infection.","S. stercoralis: quantas larvas bastam para a infecção pela pele?","Uma."
"Helmintologia::Strongyloides stercoralis","Strongyloides stercoralis","5. Transmissão","Definição","OMS","4075","ESTRONGILOIDES-fontes-oficiais.md § STR-24","There is no evidence of waterborne transmission.","Estrongiloidíase (S. stercoralis): há evidência de transmissão pela água?","Não."
"Helmintologia::Strongyloides stercoralis","Strongyloides stercoralis","5. Transmissão","Tempo","MS — Guia de Bolso","4076","ESTRONGILOIDES-fontes-oficiais.md § STR-23","Período de transmissibilidade - Enquanto o homem portar larvas.","Estrongiloidíase (S. stercoralis): qual é o período de transmissibilidade?","Enquanto o homem portar larvas."
"Helmintologia::Strongyloides stercoralis","Strongyloides stercoralis","5. Transmissão","Tempo","CDC","4077","ESTRONGILOIDES-fontes-oficiais.md § STR-28","Transmission has been reported during summer months in temperate areas.","S. stercoralis em áreas temperadas: em que época já se relatou transmissão?","Nos meses de verão."
"Helmintologia::Strongyloides stercoralis","Strongyloides stercoralis","5. Transmissão","Definição","OMS","4078","ESTRONGILOIDES-fontes-oficiais.md § STR-25","Strongyloides larvae have been detected in and on flies surrounding garbage heaps, abattoirs and urban markets","Larvas de Strongyloides: em que inseto já foram detectadas, perto de lixões, abatedouros e mercados urbanos?","Em moscas."
"Helmintologia::Strongyloides stercoralis","Strongyloides stercoralis","5. Transmissão","Mecanismo","CDC","4079","ESTRONGILOIDES-fontes-oficiais.md § STR-19","Transmission of S. fuelleborni subsp. kellyi to infants as a result of breastfeeding has been reported.","S. fuelleborni subsp. kellyi: por que via já foi relatada transmissão a lactentes?","Pela amamentação."
"Helmintologia::Strongyloides stercoralis","Strongyloides stercoralis","6. Fatores de Risco","Número","OMS","4080","ESTRONGILOIDES-fontes-oficiais.md § STR-26","It is estimated that over 600 million people are infected with Strongyloides","Strongyloides, pela OMS (2025): quantas pessoas infectadas no mundo?","Mais de 600 milhões."
"Helmintologia::Strongyloides stercoralis","Strongyloides stercoralis","6. Fatores de Risco","Número","OMS","4081","ESTRONGILOIDES-fontes-oficiais.md § STR-26","with a global prevalence of 8.1%","Strongyloides, pela OMS (2025): qual é a prevalência global?","8,1%."
"Helmintologia::Strongyloides stercoralis","Strongyloides stercoralis","6. Fatores de Risco","Lista","OMS","4082","ESTRONGILOIDES-fontes-oficiais.md § STR-26","The South-East Asia, African, and Western Pacific regions account for 76.1% of global infections","Strongyloides, pela OMS: que regiões concentram 76,1% das infecções?","Sudeste Asiático, África e Pacífico Ocidental."
"Helmintologia::Strongyloides stercoralis","Strongyloides stercoralis","6. Fatores de Risco","Local","MS — Guia de Bolso","4083","ESTRONGILOIDES-fontes-oficiais.md § STR-29","A doença ocorre mais em regiões tropicais e subtropicais.","Estrongiloidíase (S. stercoralis), pelo Guia de Bolso: em que regiões ocorre mais?","Tropicais e subtropicais."
"Helmintologia::Strongyloides stercoralis","Strongyloides stercoralis","6. Fatores de Risco","Lista","MS — Guia de Bolso","4084","ESTRONGILOIDES-fontes-oficiais.md § STR-29","Os estados que mais frequentemente diagnosticam são: Minas Gerais, Amapá, Goiás e Rondônia.","Estrongiloidíase (S. stercoralis) no Brasil: que estados mais diagnosticam?","Minas Gerais, Amapá, Goiás e Rondônia."
"Helmintologia::Strongyloides stercoralis","Strongyloides stercoralis","6. Fatores de Risco","Relação","OMS","4085","ESTRONGILOIDES-fontes-oficiais.md § STR-24","with transmission strongly linked to inadequate sanitation","Strongyloides, pela OMS: a transmissão está fortemente ligada a que condição?","Ao saneamento inadequado."
"Helmintologia::Strongyloides stercoralis","Strongyloides stercoralis","6. Fatores de Risco","Definição","OMS","4086","ESTRONGILOIDES-fontes-oficiais.md § STR-32","The principal source of infective Strongyloides larvae is untreated human faecal material.","Strongyloides, pela OMS: qual é a principal fonte de larvas infectantes?","O material fecal humano não tratado."
"Helmintologia::Strongyloides stercoralis","Strongyloides stercoralis","6. Fatores de Risco","Definição","OMS","4087","ESTRONGILOIDES-fontes-oficiais.md § STR-34","Infective larvae can live for long periods of time in warm, moist soil","Strongyloides — larvas infectantes: em que tipo de solo vivem por muito tempo?","Solo quente e úmido."
"Helmintologia::Strongyloides stercoralis","Strongyloides stercoralis","6. Fatores de Risco","Definição","OMS","4088","ESTRONGILOIDES-fontes-oficiais.md § STR-34","Untreated wastewater or sludge used to fertilize fruit and vegetable crops in endemic areas has been identified as a transmission pathway","Strongyloides: que prática agrícola é via de transmissão identificada em áreas endêmicas?","Adubar frutas e hortaliças com águas residuais ou lodo não tratados."
"Helmintologia::Strongyloides stercoralis","Strongyloides stercoralis","6. Fatores de Risco","Definição","OMS","4089","ESTRONGILOIDES-fontes-oficiais.md § STR-33","Leaking pipes and taps or poor on-site drainage of water can provide favourable, moist conditions for Strongyloides survival and propagation","Strongyloides: que falhas de água no local criam umidade favorável às larvas?","Canos e torneiras vazando e drenagem ruim."
"Helmintologia::Strongyloides stercoralis","Strongyloides stercoralis","6. Fatores de Risco","Lista","CDC","4090","ESTRONGILOIDES-fontes-oficiais.md § STR-28","Infections are most common in areas with poor sanitation, rural and remote communities, institutional settings, and among socially marginalized groups.","S. stercoralis, pelo CDC: onde as infecções são mais comuns?","Áreas de saneamento precário, comunidades rurais e remotas, instituições e grupos socialmente marginalizados."
"Helmintologia::Strongyloides stercoralis","Strongyloides stercoralis","6. Fatores de Risco","Definição","OMS","4091","ESTRONGILOIDES-fontes-oficiais.md § STR-30","bare foot agricultural workers in endemic areas","Estrongiloidíase (S. stercoralis): qual é o exemplo de adulto exposto pela ocupação, dado pela OMS?","Trabalhadores agrícolas descalços em áreas endêmicas."
"Helmintologia::Strongyloides stercoralis","Strongyloides stercoralis","6. Fatores de Risco","Comparação","OMS","4092","ESTRONGILOIDES-fontes-oficiais.md § STR-31","Infection is typically more prevalent in adult males compared with adult females","Strongyloides: a infecção é mais prevalente em homens ou mulheres adultos?","Em homens adultos."
"Helmintologia::Strongyloides stercoralis","Strongyloides stercoralis","6. Fatores de Risco","Lista","OMS","4093","ESTRONGILOIDES-fontes-oficiais.md § STR-30","particularly those with HTLV-I infection or corticosteroid use - are at risk of disseminated strongyloidiasis","Estrongiloidíase disseminada (S. stercoralis): que imunocomprometidos correm mais risco?","Os com infecção por HTLV-I e os em uso de corticoide."
"Helmintologia::Strongyloides stercoralis","Strongyloides stercoralis","7. Patogenia","Mecanismo","OMS","4094","ESTRONGILOIDES-fontes-oficiais.md § STR-35","leading to persistent infections even in the absence of new external infections","S. stercoralis — autoinfecção interna: que efeito tem sobre a duração da infecção?","Mantém a infecção persistente, mesmo sem novas infecções de fora."
"Helmintologia::Strongyloides stercoralis","Strongyloides stercoralis","7. Patogenia","Mecanismo","MS — Guia de Bolso","4095","ESTRONGILOIDES-fontes-oficiais.md § STR-39","síndrome de hiperinfecção, na qual as larvas ultrapassam a serosa intestinal, infectando diversos órgãos","Estrongiloidíase — síndrome de hiperinfecção, pelo Guia de Bolso: o que as larvas fazem?","Ultrapassam a serosa intestinal e infectam diversos órgãos."
"Helmintologia::Strongyloides stercoralis","Strongyloides stercoralis","7. Patogenia","Definição","OMS","4096","ESTRONGILOIDES-fontes-oficiais.md § STR-35","the spread of parasitic stages beyond the gut (disseminated strongyloidiasis)","Estrongiloidíase disseminada (S. stercoralis): o que a define, pela OMS?","A disseminação das formas parasitárias além do intestino."
"Helmintologia::Strongyloides stercoralis","Strongyloides stercoralis","7. Patogenia","Evolução","OMS","4097","ESTRONGILOIDES-fontes-oficiais.md § STR-35","Disseminated infections are fatal in the absence of prompt anti-Strongyloides therapy","Estrongiloidíase disseminada: qual é a evolução sem tratamento anti-Strongyloides rápido?","Fatal."
"Helmintologia::Strongyloides stercoralis","Strongyloides stercoralis","7. Patogenia","Relação","CDC","4098","ESTRONGILOIDES-fontes-oficiais.md § STR-37","most frequently associated with subclinical infection in patients receiving high-dose corticosteroids","Hiperinfecção e disseminação pelo S. stercoralis (CDC): a que situação se associam com mais frequência?","Infecção subclínica em pacientes que recebem corticoide em dose alta."
"Helmintologia::Strongyloides stercoralis","Strongyloides stercoralis","7. Patogenia","Mecanismo","CDC","4099","ESTRONGILOIDES-fontes-oficiais.md § STR-37","Subsequent impaired host immunity leads to accelerated autoinfection and an overwhelming number of migrating larvae.","S. stercoralis em quem usa corticoide em dose alta (CDC): como a imunidade prejudicada leva à hiperinfecção?","Acelera a autoinfecção, com número esmagador de larvas em migração."
"Helmintologia::Strongyloides stercoralis","Strongyloides stercoralis","7. Patogenia","Relação","OMS","4100","ESTRONGILOIDES-fontes-oficiais.md § STR-35","Infection with human T-cell lymphotropic virus type 1 (HTLV1) is a risk factor for infection and hyperinfection with Strongyloides","Estrongiloidíase (S. stercoralis): o HTLV-1 é fator de risco para quê?","Para a infecção e para a hiperinfecção."
"Helmintologia::Strongyloides stercoralis","Strongyloides stercoralis","7. Patogenia","Relação","OMS","4101","ESTRONGILOIDES-fontes-oficiais.md § STR-30","HIV/AIDS does not generally result in disseminated strongyloidiasis","Estrongiloidíase (S. stercoralis), pela OMS (2025): o HIV/AIDS em geral leva à forma disseminada?","Não."
"Helmintologia::Strongyloides stercoralis","Strongyloides stercoralis","7. Patogenia","Lista","OMS","4102","ESTRONGILOIDES-fontes-oficiais.md § STR-38","medications (e.g. steroids, immunosuppressive medications and biologicals)","Estrongiloidíase (S. stercoralis), pela OMS: que remédios causam a imunossupressão que põe em risco de hiperinfecção?","Corticoides, imunossupressores e biológicos."
"Helmintologia::Strongyloides stercoralis","Strongyloides stercoralis","7. Patogenia","Local","OMS","4103","ESTRONGILOIDES-fontes-oficiais.md § STR-38","During dissemination, a high larval load can be found throughout organ systems, including the central nervous system.","Estrongiloidíase disseminada (S. stercoralis): a carga de larvas chega a que sistema, inclusive?","Ao sistema nervoso central."
"Helmintologia::Strongyloides stercoralis","Strongyloides stercoralis","7. Patogenia","Relação","MS — Guia de Bolso","4104","ESTRONGILOIDES-fontes-oficiais.md § STR-39","A observação de Estrongiloidíase grave e de repetição requer avaliação de imunodeficiência associada.","Estrongiloidíase (S. stercoralis) grave e de repetição: o que exige investigar?","Imunodeficiência associada."
"Helmintologia::Strongyloides stercoralis","Strongyloides stercoralis","7. Patogenia","Definição","MS — Guia de Bolso","4105","ESTRONGILOIDES-fontes-oficiais.md § STR-40","edema pulmonar, no paciente imunocomprometido, em uso de corticóides ou desnutridos","Estrongiloidíase (S. stercoralis) — complicação pulmonar no imunocomprometido, em uso de corticoide ou desnutrido (Guia de Bolso)?","Edema pulmonar."
"Helmintologia::Strongyloides stercoralis","Strongyloides stercoralis","7. Patogenia","Definição","MS — Guia de Bolso","4106","ESTRONGILOIDES-fontes-oficiais.md § STR-40","Nas formas sistêmicas, pode ocorrer sepse, com evolução letal.","Estrongiloidíase (S. stercoralis) — formas sistêmicas: que complicação pode ocorrer?","Sepse, com evolução letal."
"Helmintologia::Strongyloides stercoralis","Strongyloides stercoralis","7. Patogenia","Definição","MS — Guia de Bolso","4107","ESTRONGILOIDES-fontes-oficiais.md § STR-40","síndrome de má absorção","Estrongiloidíase (S. stercoralis) — complicação intestinal listada pelo Guia de Bolso?","Síndrome de má absorção."
"Helmintologia::Strongyloides stercoralis","Strongyloides stercoralis","8. Manifestações Clínicas","Sinal/sintoma","MS — Guia de Bolso","4108","ESTRONGILOIDES-fontes-oficiais.md § STR-41","Doença parasitária intestinal, frequentemente assintomática.","Estrongiloidíase (S. stercoralis): costuma dar sintomas?","Não; é frequentemente assintomática."
"Helmintologia::Strongyloides stercoralis","Strongyloides stercoralis","8. Manifestações Clínicas","Sequência","MS — Guia de Bolso","4109","ESTRONGILOIDES-fontes-oficiais.md § STR-41","As formas sintomáticas apresentam inicialmente alterações cutâneas, secundárias à penetração das larvas na pele","Estrongiloidíase (S. stercoralis) sintomática: quais são as primeiras alterações?","Alterações cutâneas, pela penetração das larvas na pele."
"Helmintologia::Strongyloides stercoralis","Strongyloides stercoralis","8. Manifestações Clínicas","Definição","MS — Guia de Bolso","4110","ESTRONGILOIDES-fontes-oficiais.md § STR-41","lesão serpiginosa ou linear pruriginosa migratória (larva currens)","Estrongiloidíase (S. stercoralis) — larva currens: como é a lesão?","Serpiginosa ou linear, pruriginosa e migratória."
"Helmintologia::Strongyloides stercoralis","Strongyloides stercoralis","8. Manifestações Clínicas","Mecanismo","CDC","4111","ESTRONGILOIDES-fontes-oficiais.md § STR-45","The subcutaneous migration of filariform larvae in the autoinfective cycle, or “larva currens”","Estrongiloidíase (S. stercoralis) — larva currens, pelo CDC: a que migração corresponde?","À migração subcutânea das larvas filarioides no ciclo de autoinfecção."
"Helmintologia::Strongyloides stercoralis","Strongyloides stercoralis","8. Manifestações Clínicas","Local","CDC","4112","ESTRONGILOIDES-fontes-oficiais.md § STR-45","along the buttocks, perineum, and thighs","Estrongiloidíase (S. stercoralis) — larva currens: onde aparece?","Nas nádegas, no períneo e nas coxas."
"Helmintologia::Strongyloides stercoralis","Strongyloides stercoralis","8. Manifestações Clínicas","Número","CDC","4113","ESTRONGILOIDES-fontes-oficiais.md § STR-45","(up to 10 cm/hr)","Estrongiloidíase (S. stercoralis) — larva currens: com que velocidade avança?","Até 10 cm por hora."
"Helmintologia::Strongyloides stercoralis","Strongyloides stercoralis","8. Manifestações Clínicas","Sinal/sintoma","CDC","4114","ESTRONGILOIDES-fontes-oficiais.md § STR-44","a localized pruritic, erythematous rash at the site of skin penetration","Estrongiloidíase aguda (S. stercoralis): qual é o sinal inicial, no ponto de penetração?","Exantema pruriginoso e eritematoso localizado."
"Helmintologia::Strongyloides stercoralis","Strongyloides stercoralis","8. Manifestações Clínicas","Definição","MS — Guia de Bolso","4115","ESTRONGILOIDES-fontes-oficiais.md § STR-41","tosse seca, dispneia ou broncoespasmo e edema pulmonar (síndrome de Löefler)","Estrongiloidíase (S. stercoralis) — migração da larva pelo pulmão: que síndrome pode causar?","Síndrome de Löefler (tosse seca, dispneia ou broncoespasmo e edema pulmonar)."
"Helmintologia::Strongyloides stercoralis","Strongyloides stercoralis","8. Manifestações Clínicas","Sinal/sintoma","MS — Guia de Bolso","4116","ESTRONGILOIDES-fontes-oficiais.md § STR-41","com diarreia, dor abdominal e flatulência","Estrongiloidíase (S. stercoralis) — manifestações intestinais, pelo Guia de Bolso: quais são os três sintomas centrais?","Diarreia, dor abdominal e flatulência."
"Helmintologia::Strongyloides stercoralis","Strongyloides stercoralis","8. Manifestações Clínicas","Relação","MS — Guia de Bolso","4117","ESTRONGILOIDES-fontes-oficiais.md § STR-41","dor epigástrica, que pode simular quadro de úlcera péptica","Estrongiloidíase (S. stercoralis): a dor epigástrica pode simular qual doença?","Úlcera péptica."
"Helmintologia::Strongyloides stercoralis","Strongyloides stercoralis","8. Manifestações Clínicas","Número","CDC","4118","ESTRONGILOIDES-fontes-oficiais.md § STR-44","Up to 75% of people with chronic strongyloidiasis have mild peripheral eosinophilia or elevated IgE levels.","Estrongiloidíase crônica (S. stercoralis): que proporção tem eosinofilia periférica leve ou IgE elevada?","Até 75%."
"Helmintologia::Strongyloides stercoralis","Strongyloides stercoralis","8. Manifestações Clínicas","Número","MS — Guia de Bolso","4119","ESTRONGILOIDES-fontes-oficiais.md § STR-41","podem atingir letalidade de 85%","Estrongiloidíase grave — hiperinfecção (S. stercoralis), pelo Guia de Bolso: que letalidade pode atingir sem tratamento adequado e precoce?","85%."
"Helmintologia::Strongyloides stercoralis","Strongyloides stercoralis","8. Manifestações Clínicas","Sinal/sintoma","MS — Guia de Bolso","4120","ESTRONGILOIDES-fontes-oficiais.md § STR-41","Na radiografia de tórax, pode-se observar até cavitação.","Estrongiloidíase grave — hiperinfecção (S. stercoralis): que achado pode aparecer na radiografia de tórax?","Cavitação."
"Helmintologia::Strongyloides stercoralis","Strongyloides stercoralis","8. Manifestações Clínicas","Lista","MS — Guia de Bolso","4121","ESTRONGILOIDES-fontes-oficiais.md § STR-41","infecções secundárias, como meningite, endocardite, sepse e peritonite","Estrongiloidíase grave — hiperinfecção (S. stercoralis): que infecções secundárias podem ocorrer?","Meningite, endocardite, sepse e peritonite."
"Helmintologia::Strongyloides stercoralis","Strongyloides stercoralis","8. Manifestações Clínicas","Definição","MS — Guia de Bolso","4122","ESTRONGILOIDES-fontes-oficiais.md § STR-41","mais frequentemente por enterobactérias e fungos","Estrongiloidíase grave — hiperinfecção (S. stercoralis): que agentes causam com mais frequência as infecções secundárias?","Enterobactérias e fungos."
"Helmintologia::Strongyloides stercoralis","Strongyloides stercoralis","8. Manifestações Clínicas","Sinal/sintoma","MS — Guia de Bolso","4123","ESTRONGILOIDES-fontes-oficiais.md § STR-41","diarreias profusas","Estrongiloidíase grave — hiperinfecção (S. stercoralis): como é a diarreia?","Profusa."
"Helmintologia::Strongyloides stercoralis","Strongyloides stercoralis","8. Manifestações Clínicas","Definição","CDC","4124","ESTRONGILOIDES-fontes-oficiais.md § STR-46","(“swollen belly syndrome”)","S. fuelleborni subsp. kellyi em lactentes: qual é o nome da síndrome?","Síndrome da barriga inchada (swollen belly syndrome)."
"Helmintologia::Strongyloides stercoralis","Strongyloides stercoralis","8. Manifestações Clínicas","Mecanismo","CDC","4125","ESTRONGILOIDES-fontes-oficiais.md § STR-46","involving protein-losing enteropathy","S. fuelleborni subsp. kellyi em lactentes: que tipo de enteropatia causa?","Enteropatia perdedora de proteína."
"Helmintologia::Strongyloides stercoralis","Strongyloides stercoralis","9. Diagnóstico","Definição","MS — Guia de Bolso","4126","ESTRONGILOIDES-fontes-oficiais.md § STR-48","por meio do Baermann-Moraes","Estrongiloidíase (S. stercoralis), pelo Guia de Bolso: qual é o método do exame parasitológico?","Baermann-Moraes."
"Helmintologia::Strongyloides stercoralis","Strongyloides stercoralis","9. Diagnóstico","Lista","MS — Guia de Bolso","4127","ESTRONGILOIDES-fontes-oficiais.md § STR-48","Parasitológico de fezes, escarro ou lavado gástrico","Estrongiloidíase (S. stercoralis), pelo Guia de Bolso: que materiais vão ao exame parasitológico?","Fezes, escarro ou lavado gástrico."
"Helmintologia::Strongyloides stercoralis","Strongyloides stercoralis","9. Diagnóstico","Lista","MS — Guia de Bolso","4128","ESTRONGILOIDES-fontes-oficiais.md § STR-48","Em casos graves, podem ser utilizados testes imunológicos, como Elisa, hemaglutinação indireta, imuno-fluorescência indireta.","Estrongiloidíase (S. stercoralis) grave, pelo Guia de Bolso: que testes imunológicos podem ser usados?","ELISA, hemaglutinação indireta e imunofluorescência indireta."
"Helmintologia::Strongyloides stercoralis","Strongyloides stercoralis","9. Diagnóstico","Definição","MS — Guia de Bolso","4129","ESTRONGILOIDES-fontes-oficiais.md § STR-48","O estudo radiológico do intestino delgado auxilia o diagnóstico.","Estrongiloidíase (S. stercoralis): que exame de imagem auxilia o diagnóstico?","Estudo radiológico do intestino delgado."
"Helmintologia::Strongyloides stercoralis","Strongyloides stercoralis","9. Diagnóstico","Relação","MS — Guia de Vigilância em Saúde","4130","ESTRONGILOIDES-fontes-oficiais.md § STR-58","não dispensam a coproscopia","Estrongiloidíase (S. stercoralis), pelo GVS: métodos imunológicos ou PCR nas fezes dispensam a coproscopia?","Não."
"Helmintologia::Strongyloides stercoralis","Strongyloides stercoralis","9. Diagnóstico","Definição","MS — Guia de Vigilância em Saúde","4131","ESTRONGILOIDES-fontes-oficiais.md § STR-58","têm indicação quando o exame de fezes for negativo, diante da possibilidade de estrongiloidíase complicada por migração de larvas pelos tecidos","Estrongiloidíase (S. stercoralis), pelo GVS: quando se indicam métodos imunológicos ou PCR?","Com exame de fezes negativo, diante da possibilidade de forma complicada por migração de larvas pelos tecidos."
"Helmintologia::Strongyloides stercoralis","Strongyloides stercoralis","9. Diagnóstico","Local","MS — Guia de Vigilância em Saúde","4132","ESTRONGILOIDES-fontes-oficiais.md § STR-58","é recomendada a busca de larvas no escarro, em lavados gástrico ou brônquico","Estrongiloidíase complicada (S. stercoralis), pelo GVS: onde buscar larvas?","No escarro e em lavados gástrico ou brônquico."
"Helmintologia::Strongyloides stercoralis","Strongyloides stercoralis","9. Diagnóstico","Definição","CDC","4133","ESTRONGILOIDES-fontes-oficiais.md § STR-53","larval output is minimal in uncomplicated infections","Estrongiloidíase não complicada (S. stercoralis): como é a eliminação de larvas nas fezes?","Mínima."
"Helmintologia::Strongyloides stercoralis","Strongyloides stercoralis","9. Diagnóstico","Definição","OMS","4134","ESTRONGILOIDES-fontes-oficiais.md § STR-52","Diagnosis of hyperinfection with disseminated disease is made clinically and is based on identification of larvae in multiple body fluids and tissues.","Hiperinfecção com doença disseminada (S. stercoralis), pela OMS: como se faz o diagnóstico?","Clinicamente, pela identificação de larvas em vários líquidos e tecidos do corpo."
"Helmintologia::Strongyloides stercoralis","Strongyloides stercoralis","9. Diagnóstico","Local","CDC","4135","ESTRONGILOIDES-fontes-oficiais.md § STR-55","In disseminated strongyloidiasis, filariform larvae may be detected in sputum, bronchial washings or pleural fluid.","Estrongiloidíase disseminada (S. stercoralis), pelo CDC: em que materiais respiratórios podem ser detectadas larvas filarioides?","No escarro, em lavados brônquicos ou no líquido pleural."
"Helmintologia::Strongyloides stercoralis","Strongyloides stercoralis","9. Diagnóstico","Local","CDC","4136","ESTRONGILOIDES-fontes-oficiais.md § STR-55","Patient with rashes may have larvae identified on skin biopsy.","Estrongiloidíase (S. stercoralis) com exantema, pelo CDC: em que exame podem ser identificadas larvas?","Na biópsia de pele."
"Helmintologia::Strongyloides stercoralis","Strongyloides stercoralis","9. Diagnóstico","Relação","CDC","4137","ESTRONGILOIDES-fontes-oficiais.md § STR-60","positive serology does not differentiate between past and current infection","Estrongiloidíase (S. stercoralis): a sorologia positiva distingue infecção passada de atual?","Não."
"Helmintologia::Strongyloides stercoralis","Strongyloides stercoralis","9. Diagnóstico","Comparação","MS — Guia de Bolso","4138","ESTRONGILOIDES-fontes-oficiais.md § STR-49","A larva currens deve ser diferenciada da larva migrans, causada pela larva do Ancylostoma brasiliensis e caninum.","Estrongiloidíase (S. stercoralis) — larva currens: de que lesão deve ser diferenciada?","Da larva migrans (Ancylostoma brasiliensis e caninum)."
"Helmintologia::Strongyloides stercoralis","Strongyloides stercoralis","9. Diagnóstico","Lista","MS — Guia de Bolso","4139","ESTRONGILOIDES-fontes-oficiais.md § STR-49","Diagnóstico diferencial - Ascaridíase, giardíase, ancilostomíase","Estrongiloidíase (S. stercoralis): que três parasitoses intestinais o Guia de Bolso põe no diagnóstico diferencial?","Ascaridíase, giardíase e ancilostomíase."
"Helmintologia::Strongyloides stercoralis","Strongyloides stercoralis","10. Tratamento","Esquema","MS — Formulário Terapêutico Nacional","4140","ESTRONGILOIDES-fontes-oficiais.md § STR-71","200 microgramas/kg, por via oral, em dose única ou durante 2 dias","Estrongiloidíase (S. stercoralis) — ivermectina, pelo FTN (adultos e maiores de 5 anos, acima de 15 kg): qual é o esquema?","200 µg/kg por via oral, em dose única ou durante 2 dias."
"Helmintologia::Strongyloides stercoralis","Strongyloides stercoralis","10. Tratamento","Relação","MS — Formulário Terapêutico Nacional","4141","ESTRONGILOIDES-fontes-oficiais.md § STR-71","Caso após 3 meses de tratamento ainda existir evidências de larvas, repetir o tratamento.","Estrongiloidíase (S. stercoralis) tratada com ivermectina: o que fazer se ainda houver larvas 3 meses depois?","Repetir o tratamento."
"Helmintologia::Strongyloides stercoralis","Strongyloides stercoralis","10. Tratamento","Tempo","MS — Formulário Terapêutico Nacional","4142","ESTRONGILOIDES-fontes-oficiais.md § STR-71","exceto em pacientes imunodeprimidos, nos quais a terapia pode ser repetida após duas semanas","Estrongiloidíase (S. stercoralis) em imunodeprimidos, pelo FTN: depois de quanto tempo a ivermectina pode ser repetida?","Após duas semanas."
"Helmintologia::Strongyloides stercoralis","Strongyloides stercoralis","10. Tratamento","Forma","MS — Formulário Terapêutico Nacional","4143","ESTRONGILOIDES-fontes-oficiais.md § STR-67","Comprimidos de 6 mg.","Ivermectina (remédio da estrongiloidíase), pelo FTN: qual é a apresentação?","Comprimidos de 6 mg."
"Helmintologia::Strongyloides stercoralis","Strongyloides stercoralis","10. Tratamento","Esquema","MS — Formulário Terapêutico Nacional","4144","ESTRONGILOIDES-fontes-oficiais.md § STR-65","400 mg, por via oral, a cada 12 ou 24 horas, durante 2 a 3 dias.","Estrongiloidíase (S. stercoralis) — albendazol, pelo FTN (adultos e crianças acima de 2 anos): qual é o esquema?","400 mg por via oral a cada 12 ou 24 horas, durante 2 a 3 dias."
"Helmintologia::Strongyloides stercoralis","Strongyloides stercoralis","10. Tratamento","Esquema","MS — Formulário Terapêutico Nacional","4145","ESTRONGILOIDES-fontes-oficiais.md § STR-64","200 mg, por via oral, a cada 24 horas, durante 3 dias.","Estrongiloidíase (S. stercoralis) — albendazol, pelo FTN (crianças menores de 2 anos): qual é o esquema?","200 mg por via oral a cada 24 horas, durante 3 dias."
"Helmintologia::Strongyloides stercoralis","Strongyloides stercoralis","10. Tratamento","Comparação","OMS","4146","ESTRONGILOIDES-fontes-oficiais.md § STR-75","A systematic review and meta-analysis provided convincing evidence of ivermectin’s superiority to albendazole.","Estrongiloidíase (S. stercoralis), pela OMS: ivermectina ou albendazol — qual é superior?","Ivermectina."
"Helmintologia::Strongyloides stercoralis","Strongyloides stercoralis","10. Tratamento","Número","OMS","4147","ESTRONGILOIDES-fontes-oficiais.md § STR-74","(although evidence indicates that a single dose is sufficient)","Estrongiloidíase crônica (S. stercoralis), pela OMS: quantas doses de ivermectina a evidência indica que bastam?","Uma (dose única)."
"Helmintologia::Strongyloides stercoralis","Strongyloides stercoralis","10. Tratamento","Mecanismo","MS — Formulário Terapêutico Nacional","4148","ESTRONGILOIDES-fontes-oficiais.md § STR-69","Dano na barreira hematoencefálica, pois a ivermectina pode interagir com os receptores do GABA.","Ivermectina (estrongiloidíase), pelo FTN: por que o dano na barreira hematoencefálica é contraindicação?","Porque a ivermectina pode interagir com os receptores do GABA."
"Helmintologia::Strongyloides stercoralis","Strongyloides stercoralis","10. Tratamento","Lista","MS — Formulário Terapêutico Nacional","4149","ESTRONGILOIDES-fontes-oficiais.md § STR-69 || ESTRONGILOIDES-fontes-oficiais.md § STR-69 || ESTRONGILOIDES-fontes-oficiais.md § STR-69","Hipersensibilidade ao fármaco. || Dano na barreira hematoencefálica || Gravidez.","Ivermectina (estrongiloidíase), pelo FTN: quais são as contraindicações?","Hipersensibilidade, dano na barreira hematoencefálica e gravidez."
"Helmintologia::Strongyloides stercoralis","Strongyloides stercoralis","10. Tratamento","Número","MS — Formulário Terapêutico Nacional","4150","ESTRONGILOIDES-fontes-oficiais.md § STR-70","crianças pesando menos de 15 kg (segurança não definida)","Ivermectina (estrongiloidíase), pelo FTN: abaixo de que peso a criança pede cuidado?","15 kg (segurança não definida)."
"Helmintologia::Strongyloides stercoralis","Strongyloides stercoralis","10. Tratamento","Definição","Bula (EUA)","4151","ESTRONGILOIDES-fontes-oficiais.md § STR-78","Patients should take tablets on an empty stomach with water.","Ivermectina na estrongiloidíase (bula americana): como tomar os comprimidos?","Em jejum, com água."
"Helmintologia::Strongyloides stercoralis","Strongyloides stercoralis","10. Tratamento","Esquema","MS — Guia de Bolso","4152","ESTRONGILOIDES-fontes-oficiais.md § STR-63","Controle de cura - Três exames parasitológicos de fezes, após 7, 14 e 21 dias do tratamento.","Estrongiloidíase (S. stercoralis) — controle de cura, pelo Guia de Bolso: como é feito?","Três exames parasitológicos de fezes, 7, 14 e 21 dias depois do tratamento."
"Helmintologia::Strongyloides stercoralis","Strongyloides stercoralis","10. Tratamento","Relação","MS — Guia de Bolso","4153","ESTRONGILOIDES-fontes-oficiais.md § STR-39","Os indivíduos que, por qualquer motivo, requeiram tratamento com imunossupressores devem ser avaliados criteriosamente e, se necessário, tratados antes de instituída a quimioterapia imunossupressora.","Estrongiloidíase (S. stercoralis): o que fazer com quem vai receber imunossupressor?","Avaliar criteriosamente e, se necessário, tratar antes da quimioterapia imunossupressora."
"Helmintologia::Strongyloides stercoralis","Strongyloides stercoralis","10. Tratamento","Relação","OMS","4154","ESTRONGILOIDES-fontes-oficiais.md § STR-72 || ESTRONGILOIDES-fontes-oficiais.md § STR-73","treatment of chronic asymptomatic infection || reduces risks associated with hyperinfection and dissemination following iatrogenic immunosuppression.","Estrongiloidíase crônica assintomática (S. stercoralis), pela OMS: tratar reduz o risco de quê?","De hiperinfecção e disseminação depois de imunossupressão iatrogênica."
"Helmintologia::Strongyloides stercoralis","Strongyloides stercoralis","10. Tratamento","Mecanismo","Bula (EUA)","4155","ESTRONGILOIDES-fontes-oficiais.md § STR-84","bind selectively and with high affinity to glutamate-gated chloride ion channels which occur in invertebrate nerve and muscle cells","Ivermectina (estrongiloidíase): a que alvo do parasita se liga?","Aos canais de cloreto controlados por glutamato das células nervosas e musculares de invertebrados."
"Helmintologia::Strongyloides stercoralis","Strongyloides stercoralis","10. Tratamento","Mecanismo","Bula (EUA)","4156","ESTRONGILOIDES-fontes-oficiais.md § STR-84","This leads to an increase in the permeability of the cell membrane to chloride ions with hyperpolarization of the nerve or muscle cell, resulting in paralysis and death of the parasite.","Ivermectina (estrongiloidíase): o que a ligação ao canal de cloreto causa no parasita?","Aumento da permeabilidade da membrana ao cloreto, hiperpolarização da célula nervosa ou muscular, paralisia e morte."
"Helmintologia::Strongyloides stercoralis","Strongyloides stercoralis","10. Tratamento","Mecanismo","Bula (EUA)","4157","ESTRONGILOIDES-fontes-oficiais.md § STR-84","some mammals do not have glutamate-gated chloride channels and that the avermectins have a low affinity for mammalian ligand-gated chloride channels","Ivermectina (estrongiloidíase): por que a ação é seletiva para o parasita?","Alguns mamíferos não têm canais de cloreto controlados por glutamato, e as avermectinas têm baixa afinidade pelos canais dos mamíferos."
"Helmintologia::Strongyloides stercoralis","Strongyloides stercoralis","10. Tratamento","Mecanismo","Bula (EUA)","4158","ESTRONGILOIDES-fontes-oficiais.md § STR-85","ALBENZA binds to the colchicine-sensitive site of β-tubulin inhibiting their polymerization into microtubules.","Albendazol (estrongiloidíase): a que se liga e o que inibe?","À β-tubulina (sítio sensível à colchicina), inibindo a formação de microtúbulos."
"Helmintologia::Strongyloides stercoralis","Strongyloides stercoralis","10. Tratamento","Mecanismo","Bula (EUA)","4159","ESTRONGILOIDES-fontes-oficiais.md § STR-85","Insufficient glucose results in insufficient energy for the production of adenosine trisphosphate (ATP) and the parasite eventually dies.","Albendazol (estrongiloidíase): por que o parasita morre?","Sem glicose suficiente, falta energia para produzir ATP."
"Helmintologia::Strongyloides stercoralis","Strongyloides stercoralis","10. Tratamento","Definição","Bula (EUA)","4160","ESTRONGILOIDES-fontes-oficiais.md § STR-77","STROMECTOL is indicated for the treatment of intestinal (i.e., nondisseminated) strongyloidiasis","Ivermectina (bula americana): para que forma da estrongiloidíase é indicada?","A intestinal (não disseminada)."
"Helmintologia::Strongyloides stercoralis","Strongyloides stercoralis","10. Tratamento","Número","Bula (EUA)","4161","ESTRONGILOIDES-fontes-oficiais.md § STR-77","64-100% of infected patients were cured following a single 200-mcg/kg dose of ivermectin","Estrongiloidíase (S. stercoralis) — ivermectina 200 mcg/kg em dose única (bula americana): que proporção de cura nos estudos?","64–100%."
"Helmintologia::Strongyloides stercoralis","Strongyloides stercoralis","10. Tratamento","Definição","Bula (EUA)","4162","ESTRONGILOIDES-fontes-oficiais.md § STR-83","STROMECTOL is excreted in human milk in low concentrations.","Ivermectina (estrongiloidíase), pela bula americana: passa para o leite materno?","Sim, em baixas concentrações."
"Helmintologia::Strongyloides stercoralis","Strongyloides stercoralis","10. Tratamento","Definição","Bula (EUA)","4163","ESTRONGILOIDES-fontes-oficiais.md § STR-81","Control of extra-intestinal strongyloidiasis in these patients is difficult","Estrongiloidíase extraintestinal em imunocomprometidos (bula americana): como é o controle?","Difícil."
"Helmintologia::Strongyloides stercoralis","Strongyloides stercoralis","11. Profilaxia","Definição","MS — Guia de Bolso","4164","ESTRONGILOIDES-fontes-oficiais.md § STR-86","Objetivos - Diagnosticar e tratar precocemente todos os casos, para evitar as formas graves.","Estrongiloidíase (S. stercoralis) — vigilância, pelo Guia de Bolso: qual é o objetivo?","Diagnosticar e tratar precocemente todos os casos, para evitar as formas graves."
"Helmintologia::Strongyloides stercoralis","Strongyloides stercoralis","11. Profilaxia","Definição","MS — Guia de Bolso","4165","ESTRONGILOIDES-fontes-oficiais.md § STR-87","Notificação - Não é doença de notificação compulsória.","Estrongiloidíase (S. stercoralis): é doença de notificação compulsória?","Não."
"Helmintologia::Strongyloides stercoralis","Strongyloides stercoralis","11. Profilaxia","Lista","MS — Guia de Bolso","4166","ESTRONGILOIDES-fontes-oficiais.md § STR-88","Redução da fonte de infecção com tratamento sanitário adequado das fezes e uso de calçados.","Estrongiloidíase (S. stercoralis), pelo Guia de Bolso: que duas medidas reduzem a fonte de infecção?","Tratamento sanitário adequado das fezes e uso de calçados."
"Helmintologia::Strongyloides stercoralis","Strongyloides stercoralis","11. Profilaxia","Definição","MS — Guia de Bolso","4167","ESTRONGILOIDES-fontes-oficiais.md § STR-88","Tratar os animais domésticos infectados.","Estrongiloidíase (S. stercoralis), pelo Guia de Bolso: que medida de controle envolve animais?","Tratar os animais domésticos infectados."
"Helmintologia::Strongyloides stercoralis","Strongyloides stercoralis","11. Profilaxia","Definição","MS — Guia de Bolso","4168","ESTRONGILOIDES-fontes-oficiais.md § STR-88","Quimioterapia em massa em comunidades com alta endemicidade – apesar de preconizada por alguns autores – ainda não é uma medida adotada por todos.","Estrongiloidíase (S. stercoralis), pelo Guia de Bolso: a quimioterapia em massa em comunidades de alta endemicidade é medida adotada por todos?","Não (apesar de preconizada por alguns autores)."
"Helmintologia::Strongyloides stercoralis","Strongyloides stercoralis","11. Profilaxia","Definição","OMS","4169","ESTRONGILOIDES-fontes-oficiais.md § STR-89","Safe disposal and treatment of human faeces is the principal way to prevent transmission of Strongyloides stercoralis.","S. stercoralis, pela OMS: qual é a principal forma de prevenir a transmissão?","O destino e o tratamento seguros das fezes humanas."
"Helmintologia::Strongyloides stercoralis","Strongyloides stercoralis","11. Profilaxia","Definição","OMS","4170","ESTRONGILOIDES-fontes-oficiais.md § STR-91","Protecting skin from exposure to larvae, such as by wearing shoes, can prevent transmission","Strongyloides, pela OMS: que proteção individual pode prevenir a transmissão em locais contaminados?","Proteger a pele das larvas, como usando calçados."
"Helmintologia::Schistosoma mansoni","Schistosoma mansoni","1. Agente","Definição","Aula","5001","ESQUISTOSSOMO.md § Slide 2","Schistosoma mansoni - ESQUISTOSSOMOSE","Qual é o agente da esquistossomose estudado na aula?","Schistosoma mansoni."
"Helmintologia::Schistosoma mansoni","Schistosoma mansoni","1. Agente","Definição","Aula","5002","ESQUISTOSSOMO.md § Slide 2","Nome popular □ “Xistose”, “barriga d’água,” “mal do caramujo”.","Esquistossomose: quais são os nomes populares?","Xistose, barriga d'água e mal do caramujo."
"Helmintologia::Schistosoma mansoni","Schistosoma mansoni","1. Agente","Data","Aula","5003","ESQUISTOSSOMO.md § Slide 2","Primeiro relato □ 1852 – Dr Theodor Bilharz","Esquistossomose: em que ano foi o primeiro relato?","1852."
"Helmintologia::Schistosoma mansoni","Schistosoma mansoni","1. Agente","Definição","Aula","5004","ESQUISTOSSOMO.md § Slide 2","Primeiro relato □ 1852 – Dr Theodor Bilharz","Esquistossomose: quem fez o primeiro relato, em 1852?","Theodor Bilharz."
"Helmintologia::Schistosoma mansoni","Schistosoma mansoni","1. Agente","Data","Aula","5005","ESQUISTOSSOMO.md § Slide 2","desde 3000 a.c. a humanidade convive com esquistossomose","Esquistossomose: desde quando a humanidade convive com ela?","Desde 3000 a.C."
"Helmintologia::Schistosoma mansoni","Schistosoma mansoni","6. Fatores de Risco","Número","Aula","5006","ESQUISTOSSOMO.md § Slide 2","Segunda doença tropical em importância","Esquistossomose: que posição ocupa entre as doenças tropicais, em importância?","Segunda."
"Helmintologia::Schistosoma mansoni","Schistosoma mansoni","6. Fatores de Risco","Número","Aula","5007","ESQUISTOSSOMO.md § Slide 2","terceira parasitose mais freqüente","Esquistossomose: que posição ocupa entre as parasitoses, em frequência?","Terceira mais frequente."
"Helmintologia::Schistosoma mansoni","Schistosoma mansoni","6. Fatores de Risco","Número","Aula","5008","ESQUISTOSSOMO.md § Slide 2","No mundo □ 200 milhões em 76 países são infectados","Esquistossomose no mundo: quantas pessoas infectadas?","200 milhões."
"Helmintologia::Schistosoma mansoni","Schistosoma mansoni","6. Fatores de Risco","Número","Aula","5009","ESQUISTOSSOMO.md § Slide 2","200 milhões em 76 países são infectados","Esquistossomose no mundo: em quantos países há infectados?","76 países."
"Helmintologia::Schistosoma mansoni","Schistosoma mansoni","6. Fatores de Risco","Número","Aula","5010","ESQUISTOSSOMO.md § Slide 2","600 milhões expostos à infecção","Esquistossomose no mundo: quantas pessoas expostas à infecção?","600 milhões."
"Helmintologia::Schistosoma mansoni","Schistosoma mansoni","6. Fatores de Risco","Número","Aula","5011","ESQUISTOSSOMO.md § Slide 2","200 mil morrem por ano","Esquistossomose no mundo: quantas mortes por ano?","200 mil."
"Helmintologia::Schistosoma mansoni","Schistosoma mansoni","6. Fatores de Risco","Número","Aula","5012","ESQUISTOSSOMO.md § Slide 2","No Brasil □ endêmica em 19 estados","Esquistossomose no Brasil: em quantos estados é endêmica?","19 estados."
"Helmintologia::Schistosoma mansoni","Schistosoma mansoni","6. Fatores de Risco","Número","Aula","5013","ESQUISTOSSOMO.md § Slide 2","12 milhões de portadores","Esquistossomose no Brasil: quantos portadores?","12 milhões."
"Helmintologia::Schistosoma mansoni","Schistosoma mansoni","2. Classificação","Classificação","Aula","5014","ESQUISTOSSOMO.md § Slide 3","CLASSE TREMATODA","Schistosoma mansoni: a que classe pertence?","Trematoda."
"Helmintologia::Schistosoma mansoni","Schistosoma mansoni","2. Classificação","Classificação","Aula","5015","ESQUISTOSSOMO.md § Slide 3","Ordem: Strigeatida","Schistosoma mansoni: a que ordem pertence?","Strigeatida."
"Helmintologia::Schistosoma mansoni","Schistosoma mansoni","2. Classificação","Classificação","Aula","5016","ESQUISTOSSOMO.md § Slide 3","Família: Schistosomatidae","Schistosoma mansoni: a que família pertence?","Schistosomatidae."
"Helmintologia::Schistosoma mansoni","Schistosoma mansoni","2. Classificação","Lista","Aula","5017","ESQUISTOSSOMO.md § Slide 3 || ESQUISTOSSOMO.md § Slide 3 || ESQUISTOSSOMO.md § Slide 3 || ESQUISTOSSOMO.md § Slide 3","Schistosoma haematobium || Schistosoma japonicum || Schistosoma intercalatum || Schistosoma mekongi","Gênero Schistosoma: além do S. mansoni, quais espécies a aula lista?","S. haematobium, S. japonicum, S. intercalatum e S. mekongi."
"Helmintologia::Schistosoma mansoni","Schistosoma mansoni","4. Ciclo Biológico","Definição","Aula","5018","ESQUISTOSSOMO.md § Slide 4","Exigem um caramujo de água doce como hospedeiro intermediário","Schistosoma: qual é o hospedeiro intermediário?","Um caramujo de água doce."
"Helmintologia::Schistosoma mansoni","Schistosoma mansoni","4. Ciclo Biológico","Definição","Aula","5019","ESQUISTOSSOMO.md § Slide 4","não replicam em seu hospedeiros definitivos","Schistosoma: ele se replica no hospedeiro definitivo?","Não."
"Helmintologia::Schistosoma mansoni","Schistosoma mansoni","4. Ciclo Biológico","Definição","Aula","5020","ESQUISTOSSOMO.md § Slide 4 || ESQUISTOSSOMO.md § Slide 12","Biomphalaria sp || Caramujo Biomphalaria","Schistosoma mansoni: qual gênero de caramujo é o hospedeiro intermediário?","Biomphalaria."
"Helmintologia::Schistosoma mansoni","Schistosoma mansoni","6. Fatores de Risco","Lista","Aula","5021","ESQUISTOSSOMO.md § Slide 6 || ESQUISTOSSOMO.md § Slide 6 || ESQUISTOSSOMO.md § Slide 6 || ESQUISTOSSOMO.md § Slide 6","Espécies de Caramujos transmissores importantes no Brasil || Biomphalaria glabrata || Biomphalaria straminea || Biomphalaria tenagophila","Esquistossomose no Brasil: quais são as espécies de caramujo transmissoras importantes?","Biomphalaria glabrata, B. straminea e B. tenagophila."
"Helmintologia::Schistosoma mansoni","Schistosoma mansoni","4. Ciclo Biológico","Local","Aula","5022","ESQUISTOSSOMO.md § Slide 7","Vermes adultos vivem em pares no sistema porta e vênulas mesentéricas","Schistosoma mansoni: onde vivem os vermes adultos?","Em pares, no sistema porta e nas vênulas mesentéricas."
"Helmintologia::Schistosoma mansoni","Schistosoma mansoni","3. Morfologia","Número","Aula","5023","ESQUISTOSSOMO.md § Slide 7","Machos: são mais curtos, medem 7-12 mm x 2mm","Schistosoma mansoni — macho: quanto mede (comprimento × largura)?","7–12 mm × 2 mm."
"Helmintologia::Schistosoma mansoni","Schistosoma mansoni","3. Morfologia","Número","Aula","5024","ESQUISTOSSOMO.md § Slide 8","Mede 1cm","Schistosoma mansoni — macho: quanto mede em centímetros, no slide dos adultos (slide 8)?","1 cm."
"Helmintologia::Schistosoma mansoni","Schistosoma mansoni","3. Morfologia","Número","Aula","5025","ESQUISTOSSOMO.md § Slide 7","Fêmeas: medem 9-17 mm x 1mm","Schistosoma mansoni — fêmea: quanto mede (comprimento × largura)?","9–17 mm × 1 mm."
"Helmintologia::Schistosoma mansoni","Schistosoma mansoni","3. Morfologia","Número","Aula","5026","ESQUISTOSSOMO.md § Slide 8","Mede 1,5 cm","Schistosoma mansoni — fêmea: quanto mede em centímetros, no slide dos adultos (slide 8)?","1,5 cm."
"Helmintologia::Schistosoma mansoni","Schistosoma mansoni","3. Morfologia","Comparação","Aula","5027","ESQUISTOSSOMO.md § Slide 7","Machos: são mais curtos","Schistosoma mansoni: qual sexo é mais curto?","O macho."
"Helmintologia::Schistosoma mansoni","Schistosoma mansoni","3. Morfologia","Forma","Aula","5028","ESQUISTOSSOMO.md § Slide 8","Posterior → Canal ginecóforo","Schistosoma mansoni — macho: o que há na porção posterior do corpo?","O canal ginecóforo."
"Helmintologia::Schistosoma mansoni","Schistosoma mansoni","3. Morfologia","Forma","Aula","5029","ESQUISTOSSOMO.md § Slide 8","Anterior → Ventosa oral e ventral","Schistosoma mansoni — macho: o que há na porção anterior do corpo?","Ventosa oral e ventosa ventral."
"Helmintologia::Schistosoma mansoni","Schistosoma mansoni","3. Morfologia","Comparação","Aula","5030","ESQUISTOSSOMO.md § Slide 8 || ESQUISTOSSOMO.md § Slide 8","cor esbranquiçada || cor mais escura","Schistosoma mansoni: qual a cor do macho e da fêmea?","Macho esbranquiçado; fêmea de cor mais escura."
"Helmintologia::Schistosoma mansoni","Schistosoma mansoni","3. Morfologia","Função","Aula","5031","ESQUISTOSSOMO.md § Slide 9","Apresentam ventosas (ao redor da boca e na região ventral) para fixação","Schistosoma mansoni adulto: para que servem as ventosas?","Para fixação."
"Helmintologia::Schistosoma mansoni","Schistosoma mansoni","3. Morfologia","Local","Aula","5032","ESQUISTOSSOMO.md § Slide 9","Apresentam ventosas (ao redor da boca e na região ventral)","Schistosoma mansoni adulto: onde ficam as ventosas?","Ao redor da boca e na região ventral."
"Helmintologia::Schistosoma mansoni","Schistosoma mansoni","3. Morfologia","Forma","Aula","5033","ESQUISTOSSOMO.md § Slide 7","possuem uma forte espícula lateral","Schistosoma mansoni — ovo: qual é a característica marcante?","Uma forte espícula lateral."
"Helmintologia::Schistosoma mansoni","Schistosoma mansoni","3. Morfologia","Número","Aula","5034","ESQUISTOSSOMO.md § Slide 10","Mede 150 µm","Schistosoma mansoni — ovo: quanto mede?","150 µm."
"Helmintologia::Schistosoma mansoni","Schistosoma mansoni","4. Ciclo Biológico","Local","Aula","5035","ESQUISTOSSOMO.md § Slide 7","Ovos: são eliminados nas fezes","Schistosoma mansoni — ovo: por onde é eliminado?","Nas fezes."
"Helmintologia::Schistosoma mansoni","Schistosoma mansoni","3. Morfologia","Forma","Aula","5036","ESQUISTOSSOMO.md § Slide 11","O miracídio apresenta forma cilíndrica","Schistosoma mansoni — miracídio: qual é a forma?","Cilíndrica."
"Helmintologia::Schistosoma mansoni","Schistosoma mansoni","3. Morfologia","Forma","Aula","5037","ESQUISTOSSOMO.md § Slide 11","é ciliado","Schistosoma mansoni — miracídio: o que reveste o corpo?","Cílios (é ciliado)."
"Helmintologia::Schistosoma mansoni","Schistosoma mansoni","3. Morfologia","Número","Aula","5038","ESQUISTOSSOMO.md § Slide 11","mede 180 µm x 64 µm","Schistosoma mansoni — miracídio: quanto mede?","180 µm × 64 µm."
"Helmintologia::Schistosoma mansoni","Schistosoma mansoni","3. Morfologia","Número","Aula","5039","ESQUISTOSSOMO.md § Slide 11","A cercária possui comprimento total de 500 µm","Schistosoma mansoni — cercária: qual o comprimento total?","500 µm."
"Helmintologia::Schistosoma mansoni","Schistosoma mansoni","3. Morfologia","Forma","Aula","5040","ESQUISTOSSOMO.md § Slide 11","cauda bifurcada e corpo cercariano","Schistosoma mansoni — cercária: como é a cauda?","Bifurcada."
"Helmintologia::Schistosoma mansoni","Schistosoma mansoni","3. Morfologia","Definição","Aula","5041","ESQUISTOSSOMO.md § Slide 9 || ESQUISTOSSOMO.md § Slide 9 || ESQUISTOSSOMO.md § Slide 9","Esquistossomulo || forma jovem || na circulação","Schistosoma: o que é o esquistossômulo?","A forma jovem do verme, na circulação."
"Helmintologia::Schistosoma mansoni","Schistosoma mansoni","5. Transmissão","Definição","Aula","5042","ESQUISTOSSOMO.md § Slide 12","Penetração na pele","Esquistossomose: por onde a cercária entra no homem?","Pela pele (penetra na pele)."
"Helmintologia::Schistosoma mansoni","Schistosoma mansoni","4. Ciclo Biológico","Sequência","Aula","5043","ESQUISTOSSOMO.md § Slide 12","`Miracídio` → `Esporocisto` → `Esporocisto` → `Cercária`","Ciclo do Schistosoma mansoni: que formas se sucedem do miracídio até a cercária?","Miracídio → esporocisto → esporocisto → cercária."
"Helmintologia::Schistosoma mansoni","Schistosoma mansoni","4. Ciclo Biológico","Tempo","Aula","5044","ESQUISTOSSOMO.md § Slide 13","viavéis 2-5 dias","Ciclo do Schistosoma mansoni: por quanto tempo o ovo com embrião fica viável?","2 a 5 dias."
"Helmintologia::Schistosoma mansoni","Schistosoma mansoni","4. Ciclo Biológico","Tempo","Aula","5045","ESQUISTOSSOMO.md § Slide 13","24 a 48 horas","Ciclo do Schistosoma mansoni: que tempo o esquema marca entre o miracídio e o caramujo?","24 a 48 horas."
"Helmintologia::Schistosoma mansoni","Schistosoma mansoni","4. Ciclo Biológico","Tempo","Aula","5046","ESQUISTOSSOMO.md § Slide 13","15 dias","Ciclo do Schistosoma mansoni: que tempo o esquema marca entre o caramujo e a cercária?","15 dias."
"Helmintologia::Schistosoma mansoni","Schistosoma mansoni","4. Ciclo Biológico","Tempo","Aula","5047","ESQUISTOSSOMO.md § Slide 13","vivas 1-3 dias","Ciclo do Schistosoma mansoni: por quanto tempo as cercárias ficam vivas?","1 a 3 dias."
"Helmintologia::Schistosoma mansoni","Schistosoma mansoni","4. Ciclo Biológico","Tempo","Aula","5048","ESQUISTOSSOMO.md § Slide 24","50 dias após infecção (postura)","Esquistossomose: quando começa a postura de ovos?","50 dias após a infecção."
"Helmintologia::Schistosoma mansoni","Schistosoma mansoni","4. Ciclo Biológico","Número","Aula","5049","ESQUISTOSSOMO.md § Slide 15","Apenas 20% ganham a luz intestinal","Schistosoma mansoni — ovos: que proporção ganha a luz intestinal?","Apenas 20%."
"Helmintologia::Schistosoma mansoni","Schistosoma mansoni","4. Ciclo Biológico","Mecanismo","Aula","5050","ESQUISTOSSOMO.md § Slide 15","Liberação de enzimas proteolíticas pelo miracídio","Eliminação do ovo do Schistosoma mansoni: o que o miracídio libera?","Enzimas proteolíticas."
"Helmintologia::Schistosoma mansoni","Schistosoma mansoni","7. Patogenia","Lista","Aula","5051","ESQUISTOSSOMO.md § Slide 16 || ESQUISTOSSOMO.md § Slide 16 || ESQUISTOSSOMO.md § Slide 16","Fase aguda pré-postural || Fase aguda pós-postural || Fase crônica","Esquistossomose: quais são as fases da doença?","Aguda pré-postural, aguda pós-postural e crônica."
"Helmintologia::Schistosoma mansoni","Schistosoma mansoni","7. Patogenia","Lista","Aula","5052","ESQUISTOSSOMO.md § Slide 16 || ESQUISTOSSOMO.md § Slide 16","Forma intestinal ou hepato-intestinal || Forma hepato-esplênica","Esquistossomose crônica: quais são as formas?","Intestinal (ou hepato-intestinal) e hepato-esplênica."
"Helmintologia::Schistosoma mansoni","Schistosoma mansoni","7. Patogenia","Mecanismo","Aula","5053","ESQUISTOSSOMO.md § Slide 17","Reação de hipersensibilidade tipo I mediada por IgE","Esquistossomose, fase aguda pré-postural: que reação a cercária desencadeia?","Hipersensibilidade tipo I mediada por IgE."
"Helmintologia::Schistosoma mansoni","Schistosoma mansoni","7. Patogenia","Mecanismo","Aula","5054","ESQUISTOSSOMO.md § Slide 17","`CÉLULA B` → `PLASMÓCITO` → `IgE`","Esquistossomose — hipersensibilidade tipo I à cercária, exposição inicial: que célula produz a IgE?","O plasmócito, vindo da célula B."
"Helmintologia::Schistosoma mansoni","Schistosoma mansoni","7. Patogenia","Mecanismo","Aula","5055","ESQUISTOSSOMO.md § Slide 17","`CÉLULA TH2` / `IL-4`","Esquistossomose — hipersensibilidade tipo I à cercária, exposição inicial: que citocina acompanha a célula TH2 no esquema?","IL-4."
"Helmintologia::Schistosoma mansoni","Schistosoma mansoni","7. Patogenia","Mecanismo","Aula","5056","ESQUISTOSSOMO.md § Slide 18","`ALÉRGENO` `+` `MASTÓCITO COM IgE`","Esquistossomose — hipersensibilidade tipo I à cercária, reexposição: o esquema junta o alérgeno a que célula?","Ao mastócito com IgE."
"Helmintologia::Schistosoma mansoni","Schistosoma mansoni","7. Patogenia","Mecanismo","Aula","5057","ESQUISTOSSOMO.md § Slide 18","Síntese de prostaglandinas, leucotrienos e citocinas","Esquistossomose — hipersensibilidade tipo I à cercária, fase imediata: o que é sintetizado?","Prostaglandinas, leucotrienos e citocinas."
"Helmintologia::Schistosoma mansoni","Schistosoma mansoni","7. Patogenia","Mecanismo","Aula","5058","ESQUISTOSSOMO.md § Slide 18","Vasodilatação, permeabilidade capilar, espasmo das células musculares lisas e secreção glandular","Esquistossomose — hipersensibilidade tipo I à cercária, fase imediata: quais são os efeitos?","Vasodilatação, permeabilidade capilar, espasmo das células musculares lisas e secreção glandular."
"Helmintologia::Schistosoma mansoni","Schistosoma mansoni","7. Patogenia","Mecanismo","Aula","5059","ESQUISTOSSOMO.md § Slide 18 || ESQUISTOSSOMO.md § Slide 18 || ESQUISTOSSOMO.md § Slide 18","Infiltrado Eosinófilos, || Basófilos, neutrófilos, monócitos || Células Th1","Esquistossomose — hipersensibilidade tipo I à cercária, fase tardia: quais células infiltram, na ordem do slide?","Eosinófilos, basófilos, neutrófilos e monócitos; células Th1."
"Helmintologia::Schistosoma mansoni","Schistosoma mansoni","7. Patogenia","Mecanismo","Aula","5060","ESQUISTOSSOMO.md § Slide 18","Citocinas: IL-1, IL-6 e TNFα","Esquistossomose — hipersensibilidade tipo I à cercária, fase tardia: quais citocinas?","IL-1, IL-6 e TNFα."
"Helmintologia::Schistosoma mansoni","Schistosoma mansoni","8. Manifestações Clínicas","Definição","Aula","5061","ESQUISTOSSOMO.md § Slide 19","Dermatite cercariana: quando as cercarias penetram na pele","Esquistossomose — dermatite cercariana: quando ocorre?","Quando as cercárias penetram na pele."
"Helmintologia::Schistosoma mansoni","Schistosoma mansoni","7. Patogenia","Mecanismo","Aula","5062","ESQUISTOSSOMO.md § Slide 19","Mais intensa em reinfecções (hipersensibilidade)","Esquistossomose — dermatite cercariana: quando é mais intensa?","Nas reinfecções (hipersensibilidade)."
"Helmintologia::Schistosoma mansoni","Schistosoma mansoni","8. Manifestações Clínicas","Sinal/sintoma","Aula","5063","ESQUISTOSSOMO.md § Slide 20","Dermatite cercariana: prurido, erupção urticariforme, eriteme, edema, pápulas e dor","Esquistossomose — dermatite cercariana: quais são os sinais e sintomas, na ordem do slide 20?","Prurido, erupção urticariforme, eritema, edema, pápulas e dor."
"Helmintologia::Schistosoma mansoni","Schistosoma mansoni","8. Manifestações Clínicas","Definição","Aula","5064","ESQUISTOSSOMO.md § Slide 20","capilares alveolares; (esquistossômulos)","Esquistossomose aguda pré-postural: que forma do verme o slide indica, entre parênteses, junto das alterações pulmonares?","Esquistossômulos."
"Helmintologia::Schistosoma mansoni","Schistosoma mansoni","8. Manifestações Clínicas","Sinal/sintoma","Aula","5065","ESQUISTOSSOMO.md § Slide 20","Discretas alterações pulmonares – arteriolite, focos de necrose, congestão e ruptura dos capilares alveolares","Esquistossomose aguda pré-postural: quais são as alterações pulmonares?","Discretas: arteriolite, focos de necrose, congestão e ruptura dos capilares alveolares."
"Helmintologia::Schistosoma mansoni","Schistosoma mansoni","8. Manifestações Clínicas","Definição","Aula","5066","ESQUISTOSSOMO.md § Slide 20","Mal-estar, febre, náuseas, cefaléia e anorexia; (vermes adultos mortos/ação esfoliadora)","Esquistossomose aguda pré-postural: que indicação o slide traz, entre parênteses, junto de mal-estar, febre, náuseas, cefaleia e anorexia?","Vermes adultos mortos/ação esfoliadora."
"Helmintologia::Schistosoma mansoni","Schistosoma mansoni","8. Manifestações Clínicas","Tempo","Aula","5067","ESQUISTOSSOMO.md § Slide 21","Forma aguda toxêmica → 15 a 20 dias após infecção","Esquistossomose — forma aguda toxêmica: quando aparece?","15 a 20 dias após a infecção."
"Helmintologia::Schistosoma mansoni","Schistosoma mansoni","8. Manifestações Clínicas","Sinal/sintoma","Aula","5068","ESQUISTOSSOMO.md § Slide 21","Esplenomegalia discreta","Esquistossomose — forma aguda toxêmica: qual o achado no baço?","Esplenomegalia discreta."
"Helmintologia::Schistosoma mansoni","Schistosoma mansoni","8. Manifestações Clínicas","Sinal/sintoma","Aula","5069","ESQUISTOSSOMO.md § Slide 21","Hepatite focal","Esquistossomose — forma aguda toxêmica: qual o achado no fígado?","Hepatite focal."
"Helmintologia::Schistosoma mansoni","Schistosoma mansoni","8. Manifestações Clínicas","Sinal/sintoma","Aula","5070","ESQUISTOSSOMO.md § Slide 21","Eosinofilia intensa","Esquistossomose — forma aguda toxêmica: qual o achado no sangue?","Eosinofilia intensa."
"Helmintologia::Schistosoma mansoni","Schistosoma mansoni","8. Manifestações Clínicas","Sinal/sintoma","Aula","5071","ESQUISTOSSOMO.md § Slide 24","Febre, sudorese, calafrios","Esquistossomose pós-postural: quais são os sintomas gerais?","Febre, sudorese e calafrios."
"Helmintologia::Schistosoma mansoni","Schistosoma mansoni","8. Manifestações Clínicas","Sinal/sintoma","Aula","5072","ESQUISTOSSOMO.md § Slide 24","Manifestações do sistema digestivo (Náusea , disenteria, cólicas)","Esquistossomose pós-postural: quais são as manifestações digestivas?","Náusea, disenteria e cólicas."
"Helmintologia::Schistosoma mansoni","Schistosoma mansoni","8. Manifestações Clínicas","Evolução","Aula","5073","ESQUISTOSSOMO.md § Slide 26","Evolução → morte ou cronificação","Esquistossomose pós-postural: como evolui?","Para a morte ou para a cronificação."
"Helmintologia::Schistosoma mansoni","Schistosoma mansoni","8. Manifestações Clínicas","Definição","Aula","5074","ESQUISTOSSOMO.md § Slide 27","Forma intestinal → Mais comum","Esquistossomose crônica: qual é a forma mais comum?","A forma intestinal."
"Helmintologia::Schistosoma mansoni","Schistosoma mansoni","8. Manifestações Clínicas","Sinal/sintoma","Aula","5075","ESQUISTOSSOMO.md § Slide 27","Diarreia mucos-sanguinolenta","Esquistossomose crônica, forma intestinal: como é a diarreia?","Mucossanguinolenta."
"Helmintologia::Schistosoma mansoni","Schistosoma mansoni","8. Manifestações Clínicas","Sinal/sintoma","Aula","5076","ESQUISTOSSOMO.md § Slide 27","Dor abdominal, tenesmo","Esquistossomose crônica, forma intestinal: que dor o slide cita?","Dor abdominal."
"Helmintologia::Schistosoma mansoni","Schistosoma mansoni","8. Manifestações Clínicas","Sinal/sintoma","Aula","5077","ESQUISTOSSOMO.md § Slide 27","Dor abdominal, tenesmo","Esquistossomose crônica, forma intestinal: além da dor abdominal, que sintoma o slide lista na mesma linha?","Tenesmo."
"Helmintologia::Schistosoma mansoni","Schistosoma mansoni","7. Patogenia","Local","Aula","5078","ESQUISTOSSOMO.md § Slide 27","Fibrose da alça reto-sigmóide","Esquistossomose crônica, forma intestinal: em que segmento ocorre a fibrose?","Na alça reto-sigmoide."
"Helmintologia::Schistosoma mansoni","Schistosoma mansoni","7. Patogenia","Mecanismo","Aula","5079","ESQUISTOSSOMO.md § Slide 27","baixo peristaltismo e constipação","Esquistossomose crônica, forma intestinal: a que leva a fibrose da alça reto-sigmoide?","A baixo peristaltismo e constipação."
"Helmintologia::Schistosoma mansoni","Schistosoma mansoni","8. Manifestações Clínicas","Definição","Aula","5080","ESQUISTOSSOMO.md § Slide 27","“formas pseudoneoplásicas”","Esquistossomose crônica, forma intestinal: que ""formas"" o slide cita, entre aspas?","Formas pseudoneoplásicas."
"Helmintologia::Schistosoma mansoni","Schistosoma mansoni","7. Patogenia","Mecanismo","Aula","5081","ESQUISTOSSOMO.md § Slide 22","APC capturam e processam antígenos solúveis de ovo (SEA)","Esquistossomose — reação granulomatosa: que antígenos a APC captura?","Os antígenos solúveis do ovo (SEA)."
"Helmintologia::Schistosoma mansoni","Schistosoma mansoni","7. Patogenia","Mecanismo","Aula","5082","ESQUISTOSSOMO.md § Slide 22","via MHC de classe II serão apresentados aos linfócitos CD4+ (LTh)","Esquistossomose — reação granulomatosa: por qual molécula os antígenos do ovo são apresentados aos linfócitos CD4+?","MHC de classe II."
"Helmintologia::Schistosoma mansoni","Schistosoma mansoni","7. Patogenia","Mecanismo","Aula","5083","ESQUISTOSSOMO.md § Slide 22","citocinas pró-inflamatórias – TNF-a, IL-12, IL-4 e IFN-g (Th1)","Esquistossomose — reação granulomatosa: que citocinas os linfócitos CD4+ liberam?","TNF-α, IL-12, IL-4 e IFN-γ (Th1)."
"Helmintologia::Schistosoma mansoni","Schistosoma mansoni","7. Patogenia","Mecanismo","Aula","5084","ESQUISTOSSOMO.md § Slide 22","Infiltrado celular de eosinófilos, macrófagos, fibroblastos, linfócitos","Esquistossomose — reação granulomatosa: que células formam o infiltrado?","Eosinófilos, macrófagos, fibroblastos e linfócitos."
"Helmintologia::Schistosoma mansoni","Schistosoma mansoni","7. Patogenia","Mecanismo","Aula","5085","ESQUISTOSSOMO.md § Slide 29 || ESQUISTOSSOMO.md § Slide 29","Forma hepatoesplênica → fibrose hepática periportal || “ Fibrose de Symmers”","Esquistossomose crônica, forma hepatoesplênica: que fibrose ocorre?","Fibrose hepática periportal (fibrose de Symmers)."
"Helmintologia::Schistosoma mansoni","Schistosoma mansoni","7. Patogenia","Sequência","Aula","5086","ESQUISTOSSOMO.md § Slide 29 || ESQUISTOSSOMO.md § Slide 29 || ESQUISTOSSOMO.md § Slide 29","Fibrose periportal || Obstrução (intra-hepática) || Hipertenção Portal","Esquistossomose, forma hepatoesplênica: qual é a sequência da fibrose até a hipertensão portal?","Fibrose periportal → obstrução intra-hepática → hipertensão portal."
"Helmintologia::Schistosoma mansoni","Schistosoma mansoni","8. Manifestações Clínicas","Sinal/sintoma","Aula","5087","ESQUISTOSSOMO.md § Slide 29","Fígado aumentado de volume e doloroso a palpação","Esquistossomose, forma hepatoesplênica: como está o fígado ao exame?","Aumentado de volume e doloroso à palpação."
"Helmintologia::Schistosoma mansoni","Schistosoma mansoni","7. Patogenia","Mecanismo","Aula","5088","ESQUISTOSSOMO.md § Slide 31","Congestão do ramo esplênico □ Esplenomegalia","Esquistossomose, forma hepatoesplênica: o que causa a esplenomegalia?","A congestão do ramo esplênico."
"Helmintologia::Schistosoma mansoni","Schistosoma mansoni","7. Patogenia","Local","Aula","5089","ESQUISTOSSOMO.md § Slide 31","Formação de circulação colateral (Shunts) e anastomoses do plexo hemorroidário, umbigo, esôfago, região inguinal","Esquistossomose, forma hepatoesplênica: onde se formam circulação colateral e anastomoses?","No plexo hemorroidário, no umbigo, no esôfago e na região inguinal."
"Helmintologia::Schistosoma mansoni","Schistosoma mansoni","8. Manifestações Clínicas","Sinal/sintoma","Aula","5090","ESQUISTOSSOMO.md § Slide 31","Varizes esofagianas","Esquistossomose, forma hepatoesplênica: que varizes aparecem?","Varizes esofagianas."
"Helmintologia::Schistosoma mansoni","Schistosoma mansoni","8. Manifestações Clínicas","Sinal/sintoma","Aula","5091","ESQUISTOSSOMO.md § Slide 31","Anemia, desnutrição, ascite","Esquistossomose, forma hepatoesplênica: que achados gerais completam o quadro?","Anemia, desnutrição e ascite."
"Helmintologia::Schistosoma mansoni","Schistosoma mansoni","9. Diagnóstico","Definição","MS — Guia de Vigilância em Saúde","5092","ESQUISTOSSOMO-fontes-oficiais.md § ESQ-01","O diagnóstico de esquistossomose mansoni é definido principalmente por meio de exames laboratoriais.","Esquistossomose mansoni, pelo GVS: por meio de que exames se define principalmente o diagnóstico?","Exames laboratoriais."
"Helmintologia::Schistosoma mansoni","Schistosoma mansoni","9. Diagnóstico","Definição","MS — Guia de Vigilância em Saúde","5093","ESQUISTOSSOMO-fontes-oficiais.md § ESQ-04","Todo caso suspeito deve ser submetido a exame parasitológico de fezes.","Esquistossomose mansoni — caso suspeito: que exame todo suspeito deve fazer?","Exame parasitológico de fezes."
"Helmintologia::Schistosoma mansoni","Schistosoma mansoni","9. Diagnóstico","Definição","MS — Guia de Vigilância em Saúde","5094","ESQUISTOSSOMO-fontes-oficiais.md § ESQ-04","com história de contato com as coleções hídricas nas quais existam caramujos eliminando cercárias","Esquistossomose mansoni — caso suspeito: que história de exposição é exigida?","Contato com coleções hídricas em que existam caramujos eliminando cercárias."
"Helmintologia::Schistosoma mansoni","Schistosoma mansoni","9. Diagnóstico","Relação","MS — Guia de Vigilância em Saúde","5095","ESQUISTOSSOMO-fontes-oficiais.md § ESQ-04","Exames sorológicos e por detecção de antígenos ou ácidos nucleicos (PCR) são elementos de suspeição, mas não são confirmatórios.","Esquistossomose mansoni: sorologia, detecção de antígenos ou PCR confirmam o caso?","Não; são elementos de suspeição."
"Helmintologia::Schistosoma mansoni","Schistosoma mansoni","9. Diagnóstico","Definição","MS — Guia de Vigilância em Saúde","5096","ESQUISTOSSOMO-fontes-oficiais.md § ESQ-05","Todo indivíduo que apresente ovos de S. mansoni em amostra de fezes, tecidos ou outros materiais orgânicos.","Esquistossomose mansoni — caso confirmado, pelo GVS: qual é o critério?","Ovos de S. mansoni em fezes, tecidos ou outros materiais orgânicos."
"Helmintologia::Schistosoma mansoni","Schistosoma mansoni","9. Diagnóstico","Definição","MS — Guia de Vigilância em Saúde","5097","ESQUISTOSSOMO-fontes-oficiais.md § ESQ-06","Caso suspeito ou notificado sem confirmação laboratorial.","Esquistossomose mansoni — caso descartado: qual é a definição?","Caso suspeito ou notificado sem confirmação laboratorial."
"Helmintologia::Schistosoma mansoni","Schistosoma mansoni","9. Diagnóstico","Definição","MS — Guia de Vigilância em Saúde","5098","ESQUISTOSSOMO-fontes-oficiais.md § ESQ-07","considerar como caso confirmado aquele com achado de ovos de S. mansoni no exame histopatológico pré ou post mortem (necropsia)","Esquistossomose mansoni — óbito sem confirmação pelo exame de fezes: quando é caso confirmado?","Com ovos de S. mansoni no exame histopatológico pré ou post mortem (necropsia)."
"Helmintologia::Schistosoma mansoni","Schistosoma mansoni","9. Diagnóstico","Relação","MS — Diretrizes técnicas da esquistossomose","5099","ESQUISTOSSOMO-fontes-oficiais.md § ESQ-09","Todo caso confirmado deve ser tratado, a não ser que haja contraindicação médica.","Esquistossomose mansoni: todo caso confirmado deve ser tratado?","Sim, a não ser que haja contraindicação médica."
"Helmintologia::Schistosoma mansoni","Schistosoma mansoni","9. Diagnóstico","Definição","MS — Guia de Vigilância em Saúde","5100","ESQUISTOSSOMO-fontes-oficiais.md § ESQ-10","O método Kato-Katz (KK) é recomendado para inquéritos de rotina nas áreas endêmicas e investigações epidemiológicas.","Esquistossomose mansoni, pelo GVS: que método de fezes é recomendado para inquéritos de rotina nas áreas endêmicas?","Kato-Katz (KK)."
"Helmintologia::Schistosoma mansoni","Schistosoma mansoni","9. Diagnóstico","Definição","MS — Guia de Vigilância em Saúde","5101","ESQUISTOSSOMO-fontes-oficiais.md § ESQ-11","O método de sedimentação espontânea, também chamado de método de Lutz ou método Hoffman, Pons e Janer (HPJ), é uma alternativa para detecção de ovos.","Esquistossomose mansoni, pelo GVS: que método de fezes é alternativa ao Kato-Katz para detectar ovos?","Sedimentação espontânea (Lutz ou HPJ)."
"Helmintologia::Schistosoma mansoni","Schistosoma mansoni","9. Diagnóstico","Relação","MS — Guia de Vigilância em Saúde","5102","ESQUISTOSSOMO-fontes-oficiais.md § ESQ-12","Preconiza-se, também, a realização de amostragem adicional seriada de fezes com pesquisa de ovos, nos casos inicialmente negativos pelo KK, que foram positivos pela sorologia.","Esquistossomose mansoni — Kato-Katz negativo e sorologia positiva: o que se preconiza?","Amostragem adicional seriada de fezes, com pesquisa de ovos."
"Helmintologia::Schistosoma mansoni","Schistosoma mansoni","9. Diagnóstico","Lista","MS — Guia de Vigilância em Saúde","5103","ESQUISTOSSOMO-fontes-oficiais.md § ESQ-27","anticorpos IgM na reação de imunofluorescência indireta (IFI) ou de anticorpos IgG por ensaio imunoenzimático (ELISA – do inglês, enzyme-linked immunosorbent assay) com antígeno de superfície de ovos (SEA)","Esquistossomose mansoni em área não endêmica ou de baixa prevalência, com fezes negativas: que sorologias o GVS indica?","IgM por imunofluorescência indireta (IFI) ou IgG por ELISA com antígeno de superfície de ovos (SEA)."
"Helmintologia::Schistosoma mansoni","Schistosoma mansoni","9. Diagnóstico","Relação","MS — Diretrizes técnicas da esquistossomose","5104","ESQUISTOSSOMO-fontes-oficiais.md § ESQ-29","Estes métodos, quando positivos, não indicam obrigatoriamente infecção ativa, pois a positividade, devido a presença de anticorpos, pode permanecer por muitos anos, mesmo após a cura da infecção.","Esquistossomose mansoni: sorologia positiva indica obrigatoriamente infecção ativa?","Não; a positividade pode durar muitos anos após a cura."
"Helmintologia::Schistosoma mansoni","Schistosoma mansoni","9. Diagnóstico","Definição","MS — Diretrizes técnicas da esquistossomose","5105","ESQUISTOSSOMO-fontes-oficiais.md § ESQ-23","Na fase aguda é o método diagnóstico definitivo da infecção","Esquistossomose mansoni — biópsia hepática: em que fase é o método diagnóstico definitivo?","Na fase aguda."
"Helmintologia::Schistosoma mansoni","Schistosoma mansoni","9. Diagnóstico","Definição","MS — Diretrizes técnicas da esquistossomose","5106","ESQUISTOSSOMO-fontes-oficiais.md § ESQ-23","O diagnóstico de certeza é feito pelo achado de ovos ou de granulomas periovulares no material examinado.","Esquistossomose mansoni — biópsia hepática: que achado dá o diagnóstico de certeza?","Ovos ou granulomas periovulares."
"Helmintologia::Schistosoma mansoni","Schistosoma mansoni","9. Diagnóstico","Relação","MS — Diretrizes técnicas da esquistossomose","5107","ESQUISTOSSOMO-fontes-oficiais.md § ESQ-33","O teste positivo não autoriza o tratamento da esquistossomose.","Esquistossomose mansoni — intradermorreação positiva: autoriza o tratamento?","Não."
"Helmintologia::Schistosoma mansoni","Schistosoma mansoni","9. Diagnóstico","Definição","MS — Diretrizes técnicas da esquistossomose","5108","ESQUISTOSSOMO-fontes-oficiais.md § ESQ-38","O aspecto do fígado nas formas graves mostra-se característico da fibrose de Symmers","Esquistossomose mansoni — ultrassonografia nas formas graves: que aspecto tem o fígado?","O característico da fibrose de Symmers."
"Helmintologia::Schistosoma mansoni","Schistosoma mansoni","9. Diagnóstico","Relação","MS — Diretrizes técnicas da esquistossomose","5109","ESQUISTOSSOMO-fontes-oficiais.md § ESQ-38","Para os indivíduos com a forma hepatointestinal o ultra-som não apresenta contribuição diagnóstica.","Esquistossomose mansoni — ultrassonografia na forma hepatointestinal: contribui para o diagnóstico?","Não."
"Helmintologia::Schistosoma mansoni","Schistosoma mansoni","9. Diagnóstico","Função","MS — Diretrizes técnicas da esquistossomose","5110","ESQUISTOSSOMO-fontes-oficiais.md § ESQ-42","Exame de escolha na avaliação da hipertensão pulmonar esquistossomótica.","Esquistossomose mansoni — eco-doppler-cardiografia: é o exame de escolha na avaliação de quê?","Da hipertensão pulmonar esquistossomótica."
"Helmintologia::Schistosoma mansoni","Schistosoma mansoni","9. Diagnóstico","Função","MS — Diretrizes técnicas da esquistossomose","5111","ESQUISTOSSOMO-fontes-oficiais.md § ESQ-41","Exame radiológico de grande importância no diagnóstico da mielopatia esquistossomótica.","Esquistossomose mansoni — ressonância magnética: tem grande importância no diagnóstico de que forma?","Da mielopatia esquistossomótica."
"Helmintologia::Schistosoma mansoni","Schistosoma mansoni","9. Diagnóstico","Função","MS — Diretrizes técnicas da esquistossomose","5112","ESQUISTOSSOMO-fontes-oficiais.md § ESQ-40","Utilizada no diagnóstico e tratamento das varizes gastroesofágicas resultantes da hipertensão portal na esquistossomose hepatoesplênica.","Esquistossomose mansoni hepatoesplênica — endoscopia digestiva alta: para que serve?","Diagnóstico e tratamento das varizes gastroesofágicas da hipertensão portal."
"Helmintologia::Schistosoma mansoni","Schistosoma mansoni","9. Diagnóstico","Lista","MS — Guia de Vigilância em Saúde","5113","ESQUISTOSSOMO-fontes-oficiais.md § ESQ-43","dermatite por migração de larvas de helmintos (Ancylostoma duodenale, Necator americanus, Strongyloides stercoralis, Ancilostoma brasiliensis)","Esquistossomose mansoni — dermatite cercariana: com dermatite por larvas de que helmintos se faz o diagnóstico diferencial?","Ancylostoma duodenale, Necator americanus, Strongyloides stercoralis e Ancilostoma brasiliensis."
"Helmintologia::Schistosoma mansoni","Schistosoma mansoni","9. Diagnóstico","Definição","MS — Guia de Vigilância em Saúde","5114","ESQUISTOSSOMO-fontes-oficiais.md § ESQ-43","Esquistossomose aguda: o diagnóstico diferencial deve ser feito com outras doenças infecciosas agudas","Esquistossomose mansoni aguda: com que grupo de doenças se faz o diagnóstico diferencial?","Com outras doenças infecciosas agudas."
"Helmintologia::Schistosoma mansoni","Schistosoma mansoni","9. Diagnóstico","Relação","CDC","5115","ESQUISTOSSOMO-fontes-oficiais.md § ESQ-36","cannot be correlated with clinical status, worm burden, egg production, or prognosis","Esquistossomose mansoni, pelo CDC: a presença de anticorpos se correlaciona com a carga de vermes ou o prognóstico?","Não."
"Helmintologia::Schistosoma mansoni","Schistosoma mansoni","10. Tratamento","Definição","MS — Formulário Terapêutico Nacional","5116","ESQUISTOSSOMO-fontes-oficiais.md § ESQ-47","Praziquantel é a primeira escolha na esquistossomose","Esquistossomose mansoni, pelo FTN: qual é o medicamento de primeira escolha?","Praziquantel."
"Helmintologia::Schistosoma mansoni","Schistosoma mansoni","10. Tratamento","Esquema","MS — Formulário Terapêutico Nacional","5117","ESQUISTOSSOMO-fontes-oficiais.md § ESQ-51","40 mg/kg, por via oral, em dose única","Esquistossomose mansoni — praziquantel, pelo FTN (adultos e crianças a partir de 4 anos): qual é o esquema em dose única?","40 mg/kg por via oral, em dose única."
"Helmintologia::Schistosoma mansoni","Schistosoma mansoni","10. Tratamento","Esquema","MS — Formulário Terapêutico Nacional","5118","ESQUISTOSSOMO-fontes-oficiais.md § ESQ-51","20 mg/kg, por via oral, 3 vezes durante um dia, em intervalos de 4 a 6 horas","Esquistossomose mansoni — praziquantel, pelo FTN: qual é o esquema dividido?","20 mg/kg por via oral, 3 vezes num dia, com intervalos de 4 a 6 horas."
"Helmintologia::Schistosoma mansoni","Schistosoma mansoni","10. Tratamento","Número","MS — Formulário Terapêutico Nacional","5119","ESQUISTOSSOMO-fontes-oficiais.md § ESQ-50","a segurança ainda não está estabelecida para crianças com menos de 4 anos de idade","Esquistossomose mansoni — praziquantel, pelo FTN: abaixo de que idade a segurança não está estabelecida?","4 anos."
"Helmintologia::Schistosoma mansoni","Schistosoma mansoni","10. Tratamento","Forma","MS — Formulário Terapêutico Nacional","5120","ESQUISTOSSOMO-fontes-oficiais.md § ESQ-48","Comprimidos de 150 mg e 600 mg.","Esquistossomose mansoni — praziquantel, pelo FTN: quais são as apresentações?","Comprimidos de 150 mg e de 600 mg."
"Helmintologia::Schistosoma mansoni","Schistosoma mansoni","10. Tratamento","Relação","MS — Guia de Vigilância em Saúde","5121","ESQUISTOSSOMO-fontes-oficiais.md § ESQ-53","O fracionamento dos comprimidos expõe um sabor amargo que dificulta o tratamento das crianças.","Esquistossomose mansoni — praziquantel em crianças: o que dificulta o tratamento quando se fracionam os comprimidos?","O sabor amargo."
"Helmintologia::Schistosoma mansoni","Schistosoma mansoni","10. Tratamento","Classificação","MS — Diretrizes técnicas da esquistossomose","5122","ESQUISTOSSOMO-fontes-oficiais.md § ESQ-56","É um derivado pirazino-isoquinoleínico","Esquistossomose mansoni — praziquantel: de que classe química é derivado?","Pirazino-isoquinoleínico."
"Helmintologia::Schistosoma mansoni","Schistosoma mansoni","10. Tratamento","Definição","MS — Diretrizes técnicas da esquistossomose","5123","ESQUISTOSSOMO-fontes-oficiais.md § ESQ-59","não houve relato de aparecimento de cepas resistentes a esse medicamento em áreas endêmicas no Brasil","Esquistossomose mansoni — praziquantel: há relato de cepas resistentes em áreas endêmicas do Brasil?","Não."
"Helmintologia::Schistosoma mansoni","Schistosoma mansoni","10. Tratamento","Relação","MS — Diretrizes técnicas da esquistossomose","5124","ESQUISTOSSOMO-fontes-oficiais.md § ESQ-59 || ESQUISTOSSOMO-fontes-oficiais.md § ESQ-59","Todavia, recomenda-se que seja dada especial atenção aos pacientes que tenham sido tratados várias vezes e não tenham se curado. || Esses casos devem ser notificados à gerência do PCE.","Esquistossomose mansoni: o que fazer com paciente tratado várias vezes com praziquantel e não curado?","Dar atenção especial e notificar à gerência do PCE."
"Helmintologia::Schistosoma mansoni","Schistosoma mansoni","10. Tratamento","Lista","MS — Formulário Terapêutico Nacional","5125","ESQUISTOSSOMO-fontes-oficiais.md § ESQ-62","Hipersensibilidade ao fármaco. • Cisticercose ocular (risco de lesões oftálmicas irreversíveis).","Esquistossomose mansoni — praziquantel, pelo FTN: quais são as contraindicações?","Hipersensibilidade ao fármaco e cisticercose ocular."
"Helmintologia::Schistosoma mansoni","Schistosoma mansoni","10. Tratamento","Classificação","MS — Formulário Terapêutico Nacional","5126","ESQUISTOSSOMO-fontes-oficiais.md § ESQ-63","Fator de risco na gravidez (FDA): B.","Esquistossomose mansoni — praziquantel, pelo FTN: qual é o fator de risco na gravidez (FDA)?","B."
"Helmintologia::Schistosoma mansoni","Schistosoma mansoni","10. Tratamento","Definição","MS — Formulário Terapêutico Nacional","5127","ESQUISTOSSOMO-fontes-oficiais.md § ESQ-66","Orientar para ingerir o comprimido sem mastigar, com 250 mL de água","Esquistossomose mansoni — praziquantel, pelo FTN: como orientar a ingestão do comprimido?","Sem mastigar, com 250 mL de água."
"Helmintologia::Schistosoma mansoni","Schistosoma mansoni","10. Tratamento","Mecanismo","MS — Formulário Terapêutico Nacional","5128","ESQUISTOSSOMO-fontes-oficiais.md § ESQ-66","para evitar gosto amargo que pode causar náusea e vômito","Esquistossomose mansoni — praziquantel: por que ingerir o comprimido sem mastigar?","Para evitar o gosto amargo, que pode causar náusea e vômito."
"Helmintologia::Schistosoma mansoni","Schistosoma mansoni","10. Tratamento","Tempo","MS — Formulário Terapêutico Nacional","5129","ESQUISTOSSOMO-fontes-oficiais.md § ESQ-66","Orientar para evitar atividades que exijam atenção, como dirigir e operar máquinas, até um dia após o término do tratamento.","Esquistossomose mansoni — praziquantel: até quando evitar dirigir e operar máquinas?","Até um dia após o fim do tratamento."
"Helmintologia::Schistosoma mansoni","Schistosoma mansoni","10. Tratamento","Tempo","MS — Guia de Vigilância em Saúde","5130","ESQUISTOSSOMO-fontes-oficiais.md § ESQ-54","Repouso por, pelo menos, 3 horas após a ingestão do medicamento","Esquistossomose mansoni — praziquantel, pelo GVS: quanto tempo de repouso após a ingestão?","Pelo menos 3 horas."
"Helmintologia::Schistosoma mansoni","Schistosoma mansoni","10. Tratamento","Função","MS — Guia de Vigilância em Saúde","5131","ESQUISTOSSOMO-fontes-oficiais.md § ESQ-54","Repouso por, pelo menos, 3 horas após a ingestão do medicamento para prevenir náuseas e tonturas (sintomas passageiros).","Esquistossomose mansoni — praziquantel, pelo GVS: para que serve o repouso após a ingestão?","Para prevenir náuseas e tonturas (sintomas passageiros)."
"Helmintologia::Schistosoma mansoni","Schistosoma mansoni","10. Tratamento","Relação","MS — Formulário Terapêutico Nacional","5132","ESQUISTOSSOMO-fontes-oficiais.md § ESQ-65","Rifampicina: pode resultar em redução da biodisponibilidade e efetividade do praziquantel. Evitar o uso concomitante.","Esquistossomose mansoni — praziquantel com rifampicina: qual é a conduta?","Evitar o uso junto (reduz a biodisponibilidade e a efetividade do praziquantel)."
"Helmintologia::Schistosoma mansoni","Schistosoma mansoni","10. Tratamento","Relação","MS — Formulário Terapêutico Nacional","5133","ESQUISTOSSOMO-fontes-oficiais.md § ESQ-65","Cetoconazol: pode resultar em aumento da concentração do praziquantel.","Esquistossomose mansoni — praziquantel com cetoconazol: o que acontece com a concentração do praziquantel?","Pode aumentar."
"Helmintologia::Schistosoma mansoni","Schistosoma mansoni","10. Tratamento","Definição","MS — Diretrizes técnicas da esquistossomose","5134","ESQUISTOSSOMO-fontes-oficiais.md § ESQ-70","Embora já tenham sido tratados mais de 50 milhões de pacientes em todo o mundo, não existe nenhum relato de caso fatal associado ao tratamento.","Esquistossomose mansoni: há relato de caso fatal associado ao tratamento?","Não (mais de 50 milhões de tratados no mundo)."
"Helmintologia::Schistosoma mansoni","Schistosoma mansoni","10. Tratamento","Número","MS — Formulário Terapêutico Nacional","5135","ESQUISTOSSOMO-fontes-oficiais.md § ESQ-71","indica efetividade de cura parasitológica em torno de 80%","Esquistossomose mansoni — oxamniquina, pelo FTN: qual é a cura parasitológica no Brasil?","Em torno de 80%."
"Helmintologia::Schistosoma mansoni","Schistosoma mansoni","10. Tratamento","Esquema","MS — Formulário Terapêutico Nacional","5136","ESQUISTOSSOMO-fontes-oficiais.md § ESQ-76","Adulto • 15 mg/kg em dose única.","Esquistossomose mansoni — oxamniquina, pelo FTN: qual é o esquema do adulto?","15 mg/kg em dose única."
"Helmintologia::Schistosoma mansoni","Schistosoma mansoni","10. Tratamento","Esquema","MS — Formulário Terapêutico Nacional","5137","ESQUISTOSSOMO-fontes-oficiais.md § ESQ-76","Crianças com menos de 30 kg • 20 mg/kg divididos em 2 doses com intervalo de 2 a 8 horas entre as doses.","Esquistossomose mansoni — oxamniquina, pelo FTN: qual é o esquema de crianças com menos de 30 kg?","20 mg/kg divididos em 2 doses, com intervalo de 2 a 8 horas."
"Helmintologia::Schistosoma mansoni","Schistosoma mansoni","10. Tratamento","Relação","MS — Formulário Terapêutico Nacional","5138","ESQUISTOSSOMO-fontes-oficiais.md § ESQ-75","epilepsia ou história de distúrbios convulsivos (pode precipitar convulsões)","Esquistossomose mansoni — oxamniquina, pelo FTN: por que pede cuidado na epilepsia?","Porque pode precipitar convulsões."
"Helmintologia::Schistosoma mansoni","Schistosoma mansoni","10. Tratamento","Tempo","MS — Guia de Vigilância em Saúde","5139","ESQUISTOSSOMO-fontes-oficiais.md § ESQ-79","Controle de cura: deve ser realizado no quarto mês, após o primeiro tratamento realizado","Esquistossomose mansoni — controle de cura, pelo GVS: em que mês após o tratamento?","No quarto mês."
"Helmintologia::Schistosoma mansoni","Schistosoma mansoni","10. Tratamento","Número","MS — Guia de Vigilância em Saúde","5140","ESQUISTOSSOMO-fontes-oficiais.md § ESQ-79","por meio de métodos de detecção de ovos em três amostras de fezes de dias diferentes","Esquistossomose mansoni — controle de cura, pelo GVS: quantas amostras de fezes?","Três, de dias diferentes."
"Helmintologia::Schistosoma mansoni","Schistosoma mansoni","10. Tratamento","Tempo","MS — Diretrizes técnicas da esquistossomose","5141","ESQUISTOSSOMO-fontes-oficiais.md § ESQ-81","A biópsia retal negativa para ovos vivos entre o quarto e o sexto mês após o tratamento também se revela confiável na confirmação da cura parasitológica.","Esquistossomose mansoni — controle de cura por biópsia retal: em que período após o tratamento?","Entre o quarto e o sexto mês."
"Helmintologia::Schistosoma mansoni","Schistosoma mansoni","10. Tratamento","Definição","MS — Diretrizes técnicas da esquistossomose","5142","ESQUISTOSSOMO-fontes-oficiais.md § ESQ-81","A biópsia retal negativa para ovos vivos entre o quarto e o sexto mês após o tratamento também se revela confiável na confirmação da cura parasitológica.","Esquistossomose mansoni — controle de cura por biópsia retal: que resultado confirma a cura?","Negativa para ovos vivos."
"Helmintologia::Schistosoma mansoni","Schistosoma mansoni","10. Tratamento","Esquema","MS — Diretrizes técnicas da esquistossomose","5143","ESQUISTOSSOMO-fontes-oficiais.md § ESQ-82","o tratamento deve ser iniciado com a prednisona (1mg/kg de peso/dia)","Esquistossomose mansoni aguda grave: com que medicamento se inicia o tratamento?","Prednisona (1 mg/kg/dia)."
"Helmintologia::Schistosoma mansoni","Schistosoma mansoni","10. Tratamento","Tempo","MS — Diretrizes técnicas da esquistossomose","5144","ESQUISTOSSOMO-fontes-oficiais.md § ESQ-82","O paciente recebe o esquistossomicida (oxamniquina ou praziquantel) 24 a 48 horas depois.","Esquistossomose mansoni aguda grave: quando entra o esquistossomicida, depois da prednisona?","24 a 48 horas depois."
"Helmintologia::Schistosoma mansoni","Schistosoma mansoni","10. Tratamento","Relação","MS — Diretrizes técnicas da esquistossomose","5145","ESQUISTOSSOMO-fontes-oficiais.md § ESQ-82","Com a associação praziquantel-corticoide, ao contrário, há diminuição da eficácia terapêutica.","Esquistossomose mansoni aguda grave: o que a associação praziquantel-corticoide faz com a eficácia?","Diminui a eficácia."
"Helmintologia::Schistosoma mansoni","Schistosoma mansoni","10. Tratamento","Sinal/sintoma","MS — Diretrizes técnicas da esquistossomose","5146","ESQUISTOSSOMO-fontes-oficiais.md § ESQ-84","podem desenvolver hepatite ou pneumonite em decorrência da embolia de vermes mortos após o tratamento esquistossomicida","Esquistossomose mansoni hepatoesplênica avançada: que complicações podem surgir após o esquistossomicida?","Hepatite ou pneumonite."
"Helmintologia::Schistosoma mansoni","Schistosoma mansoni","10. Tratamento","Mecanismo","MS — Diretrizes técnicas da esquistossomose","5147","ESQUISTOSSOMO-fontes-oficiais.md § ESQ-84","podem desenvolver hepatite ou pneumonite em decorrência da embolia de vermes mortos após o tratamento esquistossomicida","Esquistossomose mansoni hepatoesplênica avançada: hepatite ou pneumonite após o esquistossomicida decorrem de quê?","Da embolia de vermes mortos."
"Helmintologia::Schistosoma mansoni","Schistosoma mansoni","10. Tratamento","Esquema","MS — Diretrizes técnicas da esquistossomose","5148","ESQUISTOSSOMO-fontes-oficiais.md § ESQ-86","o tratamento pode ser feito com ligadura ou escleroterapia endoscópica","Esquistossomose mansoni — varizes do esôfago sangrando ou de grande calibre: que tratamento endoscópico?","Ligadura ou escleroterapia endoscópica."
"Helmintologia::Schistosoma mansoni","Schistosoma mansoni","10. Tratamento","Lista","MS — Diretrizes técnicas da esquistossomose","5149","ESQUISTOSSOMO-fontes-oficiais.md § ESQ-86","As condutas iniciais visam estabilizar as condições clínicas do paciente, por meio de hidratação, transfusão sanguínea e correção de distúrbios eletrolíticos.","Esquistossomose mansoni — sangramento de varizes: quais são as condutas iniciais de estabilização?","Hidratação, transfusão sanguínea e correção de distúrbios eletrolíticos."
"Helmintologia::Schistosoma mansoni","Schistosoma mansoni","10. Tratamento","Relação","MS — Diretrizes técnicas da esquistossomose","5150","ESQUISTOSSOMO-fontes-oficiais.md § ESQ-89","A hemorragia das varizes esofagogástricas, na ausência de resultados satisfatórios do tratamento farmacológico ou endoscópico, é o principal motivo pelo qual se indica o tratamento cirúrgico","Esquistossomose mansoni com hipertensão portal: qual é o principal motivo para indicar cirurgia?","Hemorragia das varizes esofagogástricas sem resultado satisfatório do tratamento farmacológico ou endoscópico."
"Helmintologia::Schistosoma mansoni","Schistosoma mansoni","10. Tratamento","Definição","MS — Diretrizes técnicas da esquistossomose","5151","ESQUISTOSSOMO-fontes-oficiais.md § ESQ-93","A melhor cirurgia para o tratamento da esquistossomose hepatoesplênica com hipertensão portal é a desconexão ázigo portal com esplenectomia.","Esquistossomose mansoni hepatoesplênica com hipertensão portal: qual é a melhor cirurgia?","Desconexão ázigo-portal com esplenectomia."
"Helmintologia::Schistosoma mansoni","Schistosoma mansoni","10. Tratamento","Relação","MS — Diretrizes técnicas da esquistossomose","5152","ESQUISTOSSOMO-fontes-oficiais.md § ESQ-93","Todos os tipos de anastomoses portossistêmicas totais devem ser evitados em pacientes com hipertensão portal de qualquer etiologia.","Esquistossomose mansoni com hipertensão portal: as anastomoses portossistêmicas totais são indicadas?","Não; devem ser evitadas."
"Helmintologia::Schistosoma mansoni","Schistosoma mansoni","10. Tratamento","Definição","MS — Diretrizes técnicas da esquistossomose","5153","ESQUISTOSSOMO-fontes-oficiais.md § ESQ-94","Está indicado na presença de insuficiência hepática avançada (Child B e C) em que prevalecem a ascite e a encefalopatia.","Esquistossomose mansoni — transplante hepático: qual é a indicação?","Insuficiência hepática avançada (Child B e C), com predomínio de ascite e encefalopatia."
"Helmintologia::Schistosoma mansoni","Schistosoma mansoni","11. Profilaxia","Definição","MS — Diretrizes técnicas da esquistossomose","5154","ESQUISTOSSOMO-fontes-oficiais.md § ESQ-97","Para reduzir a morbidade da esquistossomose a principal medida é a identificação precoce e o tratamento oportuno dos portadores de S.mansoni.","Esquistossomose mansoni: qual é a principal medida para reduzir a morbidade?","Identificação precoce e tratamento oportuno dos portadores."
"Helmintologia::Schistosoma mansoni","Schistosoma mansoni","11. Profilaxia","Lista","MS — Diretrizes técnicas da esquistossomose","5155","ESQUISTOSSOMO-fontes-oficiais.md § ESQ-97","medidas complementares como educação em saúde, saneamento ambiental e controle de hospedeiros intermediários são medidas essenciais","Esquistossomose mansoni: que medidas complementares são essenciais para reduzir a prevalência ou eliminar a transmissão?","Educação em saúde, saneamento ambiental e controle de hospedeiros intermediários."
"Helmintologia::Schistosoma mansoni","Schistosoma mansoni","11. Profilaxia","Esquema","MS — Guia de Vigilância em Saúde","5156","ESQUISTOSSOMO-fontes-oficiais.md § ESQ-104","prevalência menor que 15%: tratar somente os casos positivos","Esquistossomose mansoni — localidade com prevalência menor que 15%: quem tratar?","Só os casos positivos."
"Helmintologia::Schistosoma mansoni","Schistosoma mansoni","11. Profilaxia","Esquema","MS — Guia de Vigilância em Saúde","5157","ESQUISTOSSOMO-fontes-oficiais.md § ESQ-104","prevalência entre 15% e 25%: tratar os casos positivos e os conviventes","Esquistossomose mansoni — localidade com prevalência entre 15% e 25%: quem tratar?","Os casos positivos e os conviventes."
"Helmintologia::Schistosoma mansoni","Schistosoma mansoni","11. Profilaxia","Esquema","MS — Guia de Vigilância em Saúde","5158","ESQUISTOSSOMO-fontes-oficiais.md § ESQ-104","prevalência superior a 25%: tratar toda a localidade","Esquistossomose mansoni — localidade com prevalência superior a 25%: quem tratar?","Toda a localidade."
"Helmintologia::Schistosoma mansoni","Schistosoma mansoni","11. Profilaxia","Definição","MS — Guia de Vigilância em Saúde","5159","ESQUISTOSSOMO-fontes-oficiais.md § ESQ-98","Todos os casos de esquistossomose provenientes de áreas não endêmicas e focais, assim como todos os casos graves e surtos, independentemente da classificação da área, são de notificação compulsória","Esquistossomose mansoni, pelo GVS: que casos são de notificação compulsória?","Os vindos de áreas não endêmicas e focais, e todos os casos graves e surtos, em qualquer área."
"Helmintologia::Schistosoma mansoni","Schistosoma mansoni","11. Profilaxia","Local","MS — Guia de Vigilância em Saúde","5160","ESQUISTOSSOMO-fontes-oficiais.md § ESQ-98","nas áreas endêmicas, o registro dos dados operacionais e epidemiológicos de rotina deve ser realizado por meio do Sistema de Informação do Programa de Vigilância e Controle da Esquistossomose (SISPCE)","Esquistossomose mansoni — áreas endêmicas: em que sistema se registram os dados de rotina?","No SISPCE."
"Helmintologia::Schistosoma mansoni","Schistosoma mansoni","11. Profilaxia","Definição","MS — Guia de Vigilância em Saúde","5161","ESQUISTOSSOMO-fontes-oficiais.md § ESQ-102","Área vulnerável: é aquela originalmente indene, com a presença (natural ou introduzida) do hospedeiro intermediário, nas quais as modificações ambientais, que possibilitam o assentamento de populações humanas infectadas, tornam provável o estabelecimento da transmissão","Esquistossomose mansoni — área vulnerável: o que é?","Área originalmente indene, com o hospedeiro intermediário presente, em que modificações ambientais tornam provável a transmissão."
"Helmintologia::Schistosoma mansoni","Schistosoma mansoni","11. Profilaxia","Definição","MS — Guia de Vigilância em Saúde","5162","ESQUISTOSSOMO-fontes-oficiais.md § ESQ-102","Área de foco: é uma área endêmica circunscrita dentro de uma área até então indene","Esquistossomose mansoni — área de foco: o que é?","Área endêmica circunscrita dentro de uma área até então indene."
"Helmintologia::Schistosoma mansoni","Schistosoma mansoni","11. Profilaxia","Definição","MS — Diretrizes técnicas da esquistossomose","5163","ESQUISTOSSOMO-fontes-oficiais.md § ESQ-109","A aplicação de métodos químicos no controle de planorbídeos é recomendada como medida auxiliar","Esquistossomose mansoni — moluscicida no controle dos caramujos: é medida principal ou auxiliar?","Auxiliar."
"Helmintologia::Schistosoma mansoni","Schistosoma mansoni","11. Profilaxia","Relação","MS — Diretrizes técnicas da esquistossomose","5164","ESQUISTOSSOMO-fontes-oficiais.md § ESQ-109","A aplicação de moluscicida deverá ser concomitante ao tratamento clínico.","Esquistossomose mansoni — moluscicida: deve ser aplicado junto com o quê?","Com o tratamento clínico."
"Helmintologia::Schistosoma mansoni","Schistosoma mansoni","11. Profilaxia","Mecanismo","MS — Guia de Vigilância em Saúde","5165","ESQUISTOSSOMO-fontes-oficiais.md § ESQ-111","No controle da esquistossomose, o saneamento ambiental cria condições que reduzem a proliferação e a contaminação dos hospedeiros intermediários, com consequente diminuição do contato do ser humano com o agente patogênico.","Esquistossomose mansoni: como o saneamento ambiental atua no controle?","Reduz a proliferação e a contaminação dos caramujos, e com isso o contato humano com o agente."
"Helmintologia::Schistosoma mansoni","Schistosoma mansoni","11. Profilaxia","Tempo","MS — Guia de Vigilância em Saúde","5166","ESQUISTOSSOMO-fontes-oficiais.md § ESQ-115","As atividades de educação em saúde e de mobilização comunitária devem preceder e acompanhar todas as atividades de busca de casos","Esquistossomose mansoni — educação em saúde e mobilização comunitária: em que momento, em relação à busca de casos?","Devem preceder e acompanhar todas as atividades de busca de casos."
"Helmintologia::Schistosoma mansoni","Schistosoma mansoni","11. Profilaxia","Relação","MS — Diretrizes técnicas da esquistossomose","5167","ESQUISTOSSOMO-fontes-oficiais.md § ESQ-116","mas não cura outras verminoses e nem impede que a pessoa volte a se reinfectar com cercárias do S. mansoni","Esquistossomose mansoni — orientação ao portador tratado: o medicamento impede a reinfecção?","Não."
"Helmintologia::Schistosoma mansoni","Schistosoma mansoni","11. Profilaxia","Definição","MS — Diretrizes técnicas da esquistossomose","5168","ESQUISTOSSOMO-fontes-oficiais.md § ESQ-116","Como se evita a doença: não frequentando essas coleções d’água suspeitas","Esquistossomose mansoni — orientação ao portador tratado: como se evita a doença?","Não frequentando coleções d’água suspeitas."
"Helmintologia::Schistosoma mansoni","Schistosoma mansoni","11. Profilaxia","Definição","MS — Diretrizes técnicas da esquistossomose","5169","ESQUISTOSSOMO-fontes-oficiais.md § ESQ-117","Caso dos idosos (mais de 70 anos), crianças pequenas (menos de 2 anos) e gestantes devem comparecer com brevidade a uma Unidade de Saúde para consulta médica e o tratamento específico","Esquistossomose mansoni — portadores não tratados (idosos, crianças menores de 2 anos, gestantes): qual é a orientação?","Ir com brevidade à Unidade de Saúde, para consulta médica e tratamento específico."
"Helmintologia::Schistosoma mansoni","Schistosoma mansoni","11. Profilaxia","Definição","MS — Diretrizes técnicas da esquistossomose","5170","ESQUISTOSSOMO-fontes-oficiais.md § ESQ-119","A eliminação da Transmissão é definida, pela OMS, como incidência zero (ausência de casos autóctones) e ausência de evidência de infecção em caramujos sentinelas ou coletados por cinco anos.","Esquistossomose mansoni — eliminação da transmissão, pela OMS: como é definida?","Incidência zero (sem casos autóctones) e nenhuma evidência de infecção em caramujos por cinco anos."
"Helmintologia::Schistosoma mansoni","Schistosoma mansoni","11. Profilaxia","Tempo","MS — Diretrizes técnicas da esquistossomose","5171","ESQUISTOSSOMO-fontes-oficiais.md § ESQ-120","Após a certificação da eliminação a vigilância continuará por, pelo menos, mais dez anos","Esquistossomose mansoni: por quanto tempo a vigilância continua após a certificação da eliminação?","Pelo menos mais dez anos."
"Helmintologia::Schistosoma mansoni","Schistosoma mansoni","11. Profilaxia","Definição","MS — Diretrizes técnicas da esquistossomose","5172","ESQUISTOSSOMO-fontes-oficiais.md § ESQ-118","a eliminação da doença como problema de saúde pública nas áreas endêmicas, o que significa a redução do número de casos a níveis aceitáveis (menores que 5%)","Esquistossomose mansoni — programa brasileiro desde 2011: qual é o objetivo principal nas áreas endêmicas?","Eliminar a doença como problema de saúde pública (casos abaixo de 5%)."
